PROGRESS {"progress": 0.0010685607062445746, "step": 10, "elapsed_min": 0.32, "lr": 5.342803531222873e-05, "loss": 4.143205642700195, "img_per_s": 532.1785342103075, "mem_gb": [6.99, 6.99]}
PROGRESS {"progress": 0.0022045343187120227, "step": 40, "elapsed_min": 0.66, "lr": 0.00011022671593560113, "loss": 3.081681823730469, "img_per_s": 1032.0026633320192, "mem_gb": [6.99, 6.99]}
PROGRESS {"progress": 0.003313847859700521, "step": 70, "elapsed_min": 0.99, "lr": 0.00016569239298502603, "loss": 2.141907392229353, "img_per_s": 1201.5369219781085, "mem_gb": [6.99, 6.99]}
PROGRESS {"progress": 0.004473792182074653, "step": 100, "elapsed_min": 1.34, "lr": 0.00022368960910373265, "loss": 1.5627206420898438, "img_per_s": 1271.4739060246984, "mem_gb": [6.99, 6.99]}
PROGRESS {"progress": 0.005622115241156684, "step": 130, "elapsed_min": 1.69, "lr": 0.0002811057620578342, "loss": 1.2193817138671874, "img_per_s": 1315.3375051817354, "mem_gb": [6.99, 6.99]}
PROGRESS {"progress": 0.006753782484266493, "step": 160, "elapsed_min": 2.03, "lr": 0.00033768912421332464, "loss": 1.0016186714172364, "img_per_s": 1347.6306992485356, "mem_gb": [6.99, 6.99]}
PROGRESS {"progress": 0.007883598327636718, "step": 190, "elapsed_min": 2.37, "lr": 0.0003941799163818359, "loss": 0.8521727712530839, "img_per_s": 1369.7601997169725, "mem_gb": [6.99, 6.99]}
PROGRESS {"progress": 0.008999379475911458, "step": 220, "elapsed_min": 2.7, "lr": 0.0004499689737955729, "loss": 0.7433380126953125, "img_per_s": 1390.6519255439318, "mem_gb": [6.99, 6.99]}
PROGRESS {"progress": 0.010141949971516927, "step": 250, "elapsed_min": 3.04, "lr": 0.0005070974985758463, "loss": 0.66055712890625, "img_per_s": 1402.2523746614677, "mem_gb": [6.99, 6.99]}
PROGRESS {"progress": 0.011280503167046442, "step": 280, "elapsed_min": 3.38, "lr": 0.000564025158352322, "loss": 0.5955042157854352, "img_per_s": 1412.0152335412488, "mem_gb": [6.99, 6.99]}
PROGRESS {"progress": 0.012419564988878038, "step": 310, "elapsed_min": 3.73, "lr": 0.000620978249443902, "loss": 0.5429958712670111, "img_per_s": 1419.9306437650364, "mem_gb": [6.99, 6.99]}
PROGRESS {"progress": 0.013526805453830296, "step": 340, "elapsed_min": 4.06, "lr": 0.0006763402726915148, "loss": 0.4997150645536535, "img_per_s": 1429.8733244984383, "mem_gb": [6.99, 6.99]}
PROGRESS {"progress": 0.014661631266276043, "step": 370, "elapsed_min": 4.4, "lr": 0.0007330815633138022, "loss": 0.4634149087441934, "img_per_s": 1435.60089099518, "mem_gb": [6.99, 6.99]}
PROGRESS {"progress": 0.01579754638671875, "step": 400, "elapsed_min": 4.74, "lr": 0.0007898773193359375, "loss": 0.43252288818359375, "img_per_s": 1440.4071329185754, "mem_gb": [6.99, 6.99]}
PROGRESS {"progress": 0.0169364013671875, "step": 430, "elapsed_min": 5.08, "lr": 0.000846820068359375, "loss": 0.4058704464934593, "img_per_s": 1444.3186251068728, "mem_gb": [6.99, 6.99]}
PROGRESS {"progress": 0.01807897271050347, "step": 460, "elapsed_min": 5.42, "lr": 0.0009039486355251736, "loss": 0.38266767418902853, "img_per_s": 1447.4399861532927, "mem_gb": [6.99, 6.99]}
PROGRESS {"progress": 0.019194100273980035, "step": 490, "elapsed_min": 5.76, "lr": 0.0009597050136990017, "loss": 0.36223876330317284, "img_per_s": 1452.266158708578, "mem_gb": [6.99, 6.99]}
PROGRESS {"progress": 0.020342749701605902, "step": 520, "elapsed_min": 6.1, "lr": 0.0009999996984861835, "loss": 0.3441159468430739, "img_per_s": 1454.1575550089728, "mem_gb": [6.99, 6.99]}
PROGRESS {"progress": 0.021490931193033854, "step": 550, "elapsed_min": 6.45, "lr": 0.0009999942948447592, "loss": 0.3278893210671165, "img_per_s": 1455.880618233699, "mem_gb": [6.99, 6.99]}
PROGRESS {"progress": 0.02264310540093316, "step": 580, "elapsed_min": 6.79, "lr": 0.0009999820700343756, "loss": 0.3133520455195986, "img_per_s": 1457.171806742719, "mem_gb": [6.99, 6.99]}
PROGRESS {"progress": 0.023797470092773436, "step": 610, "elapsed_min": 7.14, "lr": 0.0009999629885199882, "loss": 0.300231683449667, "img_per_s": 1458.2041155235481, "mem_gb": [6.99, 6.99]}
PROGRESS {"progress": 0.02491935560438368, "step": 640, "elapsed_min": 7.48, "lr": 0.0009999378901435832, "loss": 0.28833053112030027, "img_per_s": 1461.0437696758556, "mem_gb": [6.99, 6.99]}
PROGRESS {"progress": 0.026064449734157988, "step": 670, "elapsed_min": 7.82, "lr": 0.000999905610819841, "loss": 0.2774756588152985, "img_per_s": 1462.3329831572275, "mem_gb": [6.99, 6.99]}
PROGRESS {"progress": 0.02721798027886285, "step": 700, "elapsed_min": 8.17, "lr": 0.000999866289628242, "loss": 0.26753365652901784, "img_per_s": 1463.060543834349, "mem_gb": [6.99, 6.99]}
PROGRESS {"progress": 0.028368438720703125, "step": 730, "elapsed_min": 8.51, "lr": 0.0009998202719239107, "loss": 0.25841382170376714, "img_per_s": 1463.8878902074687, "mem_gb": [6.99, 6.99]}
PROGRESS {"progress": 0.029515936957465277, "step": 760, "elapsed_min": 8.85, "lr": 0.0009997676072771328, "loss": 0.25001339159513775, "img_per_s": 1464.8178465908766, "mem_gb": [6.99, 6.99]}
PROGRESS {"progress": 0.03063621351453993, "step": 790, "elapsed_min": 9.19, "lr": 0.0009997096745490766, "loss": 0.24224268273462224, "img_per_s": 1466.9449914219522, "mem_gb": [6.99, 6.99]}
PROGRESS {"progress": 0.031782579210069446, "step": 820, "elapsed_min": 9.53, "lr": 0.0009996437275889027, "loss": 0.23503834794207318, "img_per_s": 1467.7297714457127, "mem_gb": [6.99, 6.99]}
PROGRESS {"progress": 0.032930572509765624, "step": 850, "elapsed_min": 9.88, "lr": 0.0009995709317164954, "loss": 0.2283523739085478, "img_per_s": 1468.3887343315942, "mem_gb": [6.99, 6.99]}
ROUND {"round": 0, "elapsed_min": 10.1, "step": 870, "epoch": 22, "train_loss": 0.2242577212980424, "train_psnr_rgb": 27.044634518678162, "lr": 0.000999519820568495, "img_per_s": 1469.534127930125, "mem_gb": [6.99, 6.99], "util_pct": [100.0, 98.0], "val_psnr_y": 32.01805114746094, "val_ssim_y": 0.8611915707588196, "val_bicubic_psnr_y": 31.562559127807617, "best_val_psnr_y": 32.01805114746094}
/usr/local/lib/python3.13/dist-packages/torch/distributed/c10d_logger.py:83: UserWarning: barrier(): using the device under current context. You can specify `device_id` in `init_process_group` to mute this warning.
  return func(*args, **kwargs)
PROGRESS {"progress": 0.03367917887369792, "step": 870, "elapsed_min": 10.1, "lr": 0.000999519820568495, "loss": 0.0, "img_per_s": 0.0, "mem_gb": [6.99, 6.99]}
PROGRESS {"progress": 0.03503008355034722, "step": 900, "elapsed_min": 10.51, "lr": 0.000999420315269669, "loss": 0.04530707597732544, "img_per_s": 1485.3333013016875, "mem_gb": [6.99, 6.99]}
PROGRESS {"progress": 0.036179073757595485, "step": 930, "elapsed_min": 10.85, "lr": 0.000999328319030817, "loss": 0.045168097813924155, "img_per_s": 1485.3392171428056, "mem_gb": [6.99, 6.99]}
PROGRESS {"progress": 0.03733642917209201, "step": 960, "elapsed_min": 11.2, "lr": 0.0009992288113916017, "loss": 0.045024569829305014, "img_per_s": 1481.755902586329, "mem_gb": [6.99, 6.99]}
PROGRESS {"progress": 0.03848524644639757, "step": 990, "elapsed_min": 11.55, "lr": 0.0009991232485553573, "loss": 0.045039248466491696, "img_per_s": 1482.711767101342, "mem_gb": [6.99, 6.99]}
PROGRESS {"progress": 0.03960863918728299, "step": 1020, "elapsed_min": 11.88, "lr": 0.0009990134820458824, "loss": 0.04491814613342285, "img_per_s": 1489.8749223307893, "mem_gb": [6.99, 6.99]}
PROGRESS {"progress": 0.04076410590277778, "step": 1050, "elapsed_min": 12.23, "lr": 0.0009988938368095835, "loss": 0.045027764638264973, "img_per_s": 1487.7175182444416, "mem_gb": [6.99, 6.99]}
PROGRESS {"progress": 0.041913886176215276, "step": 1080, "elapsed_min": 12.57, "lr": 0.0009987679926938406, "loss": 0.044994027273995534, "img_per_s": 1487.2301618186343, "mem_gb": [6.99, 6.99]}
PROGRESS {"progress": 0.04305985853407118, "step": 1110, "elapsed_min": 12.92, "lr": 0.0009986358297075348, "loss": 0.044973293940226235, "img_per_s": 1487.4850822169988, "mem_gb": [6.99, 6.99]}
PROGRESS {"progress": 0.044203809950086805, "step": 1140, "elapsed_min": 13.26, "lr": 0.00099849719487343, "loss": 0.04495387960363317, "img_per_s": 1488.025274733851, "mem_gb": [6.99, 6.99]}
PROGRESS {"progress": 0.0453249749077691, "step": 1170, "elapsed_min": 13.6, "lr": 0.0009983548231409305, "loss": 0.04494349161783854, "img_per_s": 1491.3389703073121, "mem_gb": [6.99, 6.99]}
PROGRESS {"progress": 0.04647689819335937, "step": 1200, "elapsed_min": 13.94, "lr": 0.0009982018473392539, "loss": 0.04490667111945875, "img_per_s": 1490.43833092964, "mem_gb": [6.99, 6.99]}
PROGRESS {"progress": 0.04763261922200521, "step": 1230, "elapsed_min": 14.29, "lr": 0.000998041546823563, "loss": 0.044925414191351994, "img_per_s": 1489.285818874598, "mem_gb": [6.99, 6.99]}
PROGRESS {"progress": 0.04878716701931424, "step": 1260, "elapsed_min": 14.64, "lr": 0.00099787459003322, "loss": 0.044902899326422274, "img_per_s": 1488.4278564209926, "mem_gb": [6.99, 6.99]}
PROGRESS {"progress": 0.049911865234375, "step": 1290, "elapsed_min": 14.97, "lr": 0.0009977053984039314, "loss": 0.04489445459275018, "img_per_s": 1490.4665297885947, "mem_gb": [6.99, 6.99]}
PROGRESS {"progress": 0.05106058417426215, "step": 1320, "elapsed_min": 15.32, "lr": 0.0009975259214397353, "loss": 0.044852676391601565, "img_per_s": 1490.1467264804205, "mem_gb": [6.99, 6.99]}
PROGRESS {"progress": 0.05221715630425347, "step": 1350, "elapsed_min": 15.67, "lr": 0.000997338408314023, "loss": 0.04485701322555542, "img_per_s": 1489.2307660212148, "mem_gb": [6.99, 6.99]}
PROGRESS {"progress": 0.053372155083550345, "step": 1380, "elapsed_min": 16.01, "lr": 0.0009971443344064135, "loss": 0.044842405880198756, "img_per_s": 1488.5436430215022, "mem_gb": [6.99, 6.99]}
PROGRESS {"progress": 0.05452546183268229, "step": 1410, "elapsed_min": 16.36, "lr": 0.0009969437511969325, "loss": 0.04482536315917969, "img_per_s": 1488.055230009049, "mem_gb": [6.99, 6.99]}
PROGRESS {"progress": 0.05564789496527778, "step": 1440, "elapsed_min": 16.69, "lr": 0.0009967420216678378, "loss": 0.04481155328583299, "img_per_s": 1489.730229899355, "mem_gb": [6.99, 6.99]}
PROGRESS {"progress": 0.05679937744140625, "step": 1470, "elapsed_min": 17.04, "lr": 0.000996528394863473, "loss": 0.044808635711669924, "img_per_s": 1489.3479208565516, "mem_gb": [6.99, 6.99]}
PROGRESS {"progress": 0.05794736056857639, "step": 1500, "elapsed_min": 17.38, "lr": 0.0009963086892655095, "loss": 0.04478077964177207, "img_per_s": 1489.2191545161338, "mem_gb": [6.99, 6.99]}
PROGRESS {"progress": 0.05910347493489583, "step": 1530, "elapsed_min": 17.73, "lr": 0.0009960806411883196, "loss": 0.04475703961921461, "img_per_s": 1488.6226842072388, "mem_gb": [6.99, 6.99]}
PROGRESS {"progress": 0.060253560384114585, "step": 1560, "elapsed_min": 18.08, "lr": 0.0009958470283731897, "loss": 0.044758661242498866, "img_per_s": 1488.4184224911924, "mem_gb": [6.99, 6.99]}
PROGRESS {"progress": 0.06137759060329861, "step": 1590, "elapsed_min": 18.41, "lr": 0.0009956122019945466, "loss": 0.044743680953979494, "img_per_s": 1489.6440711172593, "mem_gb": [6.99, 6.99]}
PROGRESS {"progress": 0.06252606201171874, "step": 1620, "elapsed_min": 18.76, "lr": 0.0009953656298673126, "loss": 0.04474476114908854, "img_per_s": 1489.4980219301779, "mem_gb": [6.99, 6.99]}
PROGRESS {"progress": 0.06367710367838542, "step": 1650, "elapsed_min": 19.1, "lr": 0.000995111775666639, "loss": 0.04473662743201623, "img_per_s": 1489.2360407478782, "mem_gb": [6.99, 6.99]}
PROGRESS {"progress": 0.06483144124348958, "step": 1680, "elapsed_min": 19.45, "lr": 0.0009948504313113816, "loss": 0.04473064092942226, "img_per_s": 1488.834822033273, "mem_gb": [6.99, 6.99]}
PROGRESS {"progress": 0.06598915608723958, "step": 1710, "elapsed_min": 19.8, "lr": 0.0009945815232390702, "loss": 0.04471761158534459, "img_per_s": 1488.3231538172615, "mem_gb": [6.99, 6.99]}
PROGRESS {"progress": 0.06711343722873264, "step": 1740, "elapsed_min": 20.13, "lr": 0.0009943138675745698, "loss": 0.044714693091381555, "img_per_s": 1489.312981300734, "mem_gb": [6.99, 6.99]}
ROUND {"round": 1, "elapsed_min": 20.25, "step": 1750, "epoch": 46, "train_loss": 0.04473059394142844, "train_psnr_rgb": 30.664404296875, "lr": 0.0009942172370315298, "img_per_s": 1488.5388222822974, "mem_gb": [6.99, 6.99], "util_pct": [100.0, 100.0], "val_psnr_y": 32.220401763916016, "val_ssim_y": 0.8641224503517151, "val_bicubic_psnr_y": 31.562559127807617, "best_val_psnr_y": 32.220401763916016}
/usr/local/lib/python3.13/dist-packages/torch/distributed/c10d_logger.py:83: UserWarning: barrier(): using the device under current context. You can specify `device_id` in `init_process_group` to mute this warning.
  return func(*args, **kwargs)
PROGRESS {"progress": 0.0680185546875, "step": 1760, "elapsed_min": 20.41, "lr": 0.0009940937269448582, "loss": 0.04497223198413849, "img_per_s": 1522.7938612113335, "mem_gb": [6.99, 6.99]}
PROGRESS {"progress": 0.06916467963324653, "step": 1790, "elapsed_min": 20.75, "lr": 0.000993809006653904, "loss": 0.04480026662349701, "img_per_s": 1497.390105350389, "mem_gb": [6.99, 6.99]}
PROGRESS {"progress": 0.07028827582465277, "step": 1820, "elapsed_min": 21.09, "lr": 0.0009935234186684184, "loss": 0.0446697439466204, "img_per_s": 1506.5591228988033, "mem_gb": [6.99, 6.99]}
PROGRESS {"progress": 0.07144009060329862, "step": 1850, "elapsed_min": 21.43, "lr": 0.0009932240189338267, "loss": 0.04463898181915283, "img_per_s": 1499.0106091669506, "mem_gb": [6.99, 6.99]}
PROGRESS {"progress": 0.07258917914496528, "step": 1880, "elapsed_min": 21.78, "lr": 0.0009929186340473608, "loss": 0.04458658145024226, "img_per_s": 1495.8034617107176, "mem_gb": [6.99, 6.99]}
PROGRESS {"progress": 0.0737468736436632, "step": 1910, "elapsed_min": 22.12, "lr": 0.0009926042050541536, "loss": 0.044468390941619876, "img_per_s": 1491.7033935253767, "mem_gb": [6.99, 6.99]}
PROGRESS {"progress": 0.07490443250868055, "step": 1940, "elapsed_min": 22.47, "lr": 0.0009922830362374042, "loss": 0.04448101144087942, "img_per_s": 1488.9416539470099, "mem_gb": [6.99, 6.99]}
PROGRESS {"progress": 0.07602918836805556, "step": 1970, "elapsed_min": 22.81, "lr": 0.0009919644819810162, "loss": 0.04448213577270508, "img_per_s": 1492.7603732153684, "mem_gb": [6.99, 6.99]}
PROGRESS {"progress": 0.07718222384982638, "step": 2000, "elapsed_min": 23.15, "lr": 0.0009916312860577313, "loss": 0.04454213714599609, "img_per_s": 1491.2309756782133, "mem_gb": [6.99, 6.99]}
PROGRESS {"progress": 0.07834203423394097, "step": 2030, "elapsed_min": 23.5, "lr": 0.0009912893630087726, "loss": 0.04451686995370047, "img_per_s": 1489.0927458154604, "mem_gb": [6.99, 6.99]}
PROGRESS {"progress": 0.07949562581380208, "step": 2060, "elapsed_min": 23.85, "lr": 0.0009909425433080369, "loss": 0.044485516701975175, "img_per_s": 1488.1523142247931, "mem_gb": [6.99, 6.99]}
PROGRESS {"progress": 0.08064537896050347, "step": 2090, "elapsed_min": 24.19, "lr": 0.0009905902038692305, "loss": 0.04447021203882554, "img_per_s": 1487.2706851373928, "mem_gb": [6.99, 6.99]}
PROGRESS {"progress": 0.0817779541015625, "step": 2120, "elapsed_min": 24.53, "lr": 0.0009902366192109313, "loss": 0.04445385288547825, "img_per_s": 1489.3521555202258, "mem_gb": [6.99, 6.99]}
PROGRESS {"progress": 0.08293226453993055, "step": 2150, "elapsed_min": 24.88, "lr": 0.000989869606193217, "loss": 0.04439791202545166, "img_per_s": 1488.5299041700805, "mem_gb": [6.99, 6.99]}
PROGRESS {"progress": 0.08408884684244791, "step": 2180, "elapsed_min": 25.23, "lr": 0.0009894951502028091, "loss": 0.04437619586323583, "img_per_s": 1487.6216246002205, "mem_gb": [6.99, 6.99]}
PROGRESS {"progress": 0.08524525282118056, "step": 2210, "elapsed_min": 25.57, "lr": 0.0009891140307396256, "loss": 0.044374888876210085, "img_per_s": 1486.8451818880094, "mem_gb": [6.99, 6.99]}
PROGRESS {"progress": 0.08637356906467014, "step": 2240, "elapsed_min": 25.91, "lr": 0.0009887356967050172, "loss": 0.044338428730867345, "img_per_s": 1488.398601854095, "mem_gb": [6.99, 6.99]}
PROGRESS {"progress": 0.08752687581380209, "step": 2270, "elapsed_min": 26.26, "lr": 0.0009883423817898154, "loss": 0.044353668506328874, "img_per_s": 1487.8984537374915, "mem_gb": [6.99, 6.99]}
PROGRESS {"progress": 0.08869005669487848, "step": 2300, "elapsed_min": 26.61, "lr": 0.0009879389452925914, "loss": 0.044313215775923294, "img_per_s": 1486.7569119784341, "mem_gb": [6.99, 6.99]}
PROGRESS {"progress": 0.0898426988389757, "step": 2330, "elapsed_min": 26.95, "lr": 0.0009875324784728331, "loss": 0.04429975049249057, "img_per_s": 1486.4476471288503, "mem_gb": [6.99, 6.99]}
PROGRESS {"progress": 0.09100126139322917, "step": 2360, "elapsed_min": 27.3, "lr": 0.0009871172229972166, "loss": 0.04428652153640497, "img_per_s": 1485.778131444506, "mem_gb": [6.99, 6.99]}
PROGRESS {"progress": 0.0921297607421875, "step": 2390, "elapsed_min": 27.64, "lr": 0.0009867062894888508, "loss": 0.04425970911979675, "img_per_s": 1487.0031928632764, "mem_gb": [6.99, 6.99]}
PROGRESS {"progress": 0.09328433566623263, "step": 2420, "elapsed_min": 27.99, "lr": 0.0009862792754582728, "loss": 0.04422025538202542, "img_per_s": 1486.6038152454869, "mem_gb": [6.99, 6.99]}
PROGRESS {"progress": 0.09444691975911458, "step": 2450, "elapsed_min": 28.33, "lr": 0.0009858425751555326, "loss": 0.04420130320957729, "img_per_s": 1485.7968850011596, "mem_gb": [6.99, 6.99]}
PROGRESS {"progress": 0.09560622829861111, "step": 2480, "elapsed_min": 28.68, "lr": 0.0009854003923943674, "loss": 0.04418274866391535, "img_per_s": 1485.230291149978, "mem_gb": [6.99, 6.99]}
PROGRESS {"progress": 0.09676586235894097, "step": 2510, "elapsed_min": 29.03, "lr": 0.0009849513853844513, "loss": 0.0441704649674265, "img_per_s": 1484.7002732246826, "mem_gb": [6.99, 6.99]}
PROGRESS {"progress": 0.09789419216579862, "step": 2540, "elapsed_min": 29.37, "lr": 0.0009845080730636305, "loss": 0.04417181860042524, "img_per_s": 1485.7340531540513, "mem_gb": [6.99, 6.99]}
PROGRESS {"progress": 0.09905372450086805, "step": 2570, "elapsed_min": 29.72, "lr": 0.0009840459040134435, "loss": 0.044148449781464365, "img_per_s": 1485.2203827323779, "mem_gb": [6.99, 6.99]}
PROGRESS {"progress": 0.10020833333333333, "step": 2600, "elapsed_min": 30.06, "lr": 0.0009835790587288023, "loss": 0.04413705264820772, "img_per_s": 1484.969183706816, "mem_gb": [6.99, 6.99]}
ROUND {"round": 2, "elapsed_min": 30.41, "step": 2630, "epoch": 69, "train_loss": 0.044031355597756124, "train_psnr_rgb": 30.89673517400568, "lr": 0.0009831037386373621, "img_per_s": 1484.5366121289983, "mem_gb": [6.99, 6.99], "util_pct": [85.0, 100.0], "val_psnr_y": 32.40000534057617, "val_ssim_y": 0.8668720126152039, "val_bicubic_psnr_y": 31.562559127807617, "best_val_psnr_y": 32.40000534057617}
/usr/local/lib/python3.13/dist-packages/torch/distributed/c10d_logger.py:83: UserWarning: barrier(): using the device under current context. You can specify `device_id` in `init_process_group` to mute this warning.
  return func(*args, **kwargs)
PROGRESS {"progress": 0.10136743842230903, "step": 2630, "elapsed_min": 30.41, "lr": 0.0009831037386373621, "loss": 0.0, "img_per_s": 0.0, "mem_gb": [6.99, 6.99]}
PROGRESS {"progress": 0.10265320502387153, "step": 2660, "elapsed_min": 30.8, "lr": 0.0009825686829237562, "loss": 0.043480412165323896, "img_per_s": 1479.7483597837831, "mem_gb": [6.99, 6.99]}
PROGRESS {"progress": 0.10377999538845487, "step": 2690, "elapsed_min": 31.13, "lr": 0.00098209304928535, "loss": 0.043336482842763265, "img_per_s": 1496.7784503245073, "mem_gb": [6.99, 6.99]}
PROGRESS {"progress": 0.10493092176649306, "step": 2720, "elapsed_min": 31.48, "lr": 0.000981600740541048, "loss": 0.04339951939053006, "img_per_s": 1492.0854988214905, "mem_gb": [6.99, 6.99]}
PROGRESS {"progress": 0.10608803304036458, "step": 2750, "elapsed_min": 31.83, "lr": 0.0009810991842863505, "loss": 0.043439098199208576, "img_per_s": 1487.7629426547019, "mem_gb": [6.99, 6.99]}
PROGRESS {"progress": 0.10724037000868056, "step": 2780, "elapsed_min": 32.17, "lr": 0.0009805931256179003, "loss": 0.04337022145589193, "img_per_s": 1486.417115947592, "mem_gb": [6.99, 6.99]}
PROGRESS {"progress": 0.10837000189887153, "step": 2810, "elapsed_min": 32.51, "lr": 0.0009800906790286875, "loss": 0.043383632765875924, "img_per_s": 1490.4314024176767, "mem_gb": [6.99, 6.99]}
PROGRESS {"progress": 0.10952125379774305, "step": 2840, "elapsed_min": 32.86, "lr": 0.0009795721453143655, "loss": 0.04340434301467169, "img_per_s": 1489.2801488164057, "mem_gb": [6.99, 6.99]}
PROGRESS {"progress": 0.11067666286892361, "step": 2870, "elapsed_min": 33.2, "lr": 0.000979045178673205, "loss": 0.043349071343739824, "img_per_s": 1487.7493073101655, "mem_gb": [6.99, 6.99]}
PROGRESS {"progress": 0.11182794867621527, "step": 2900, "elapsed_min": 33.55, "lr": 0.0009785135625864601, "loss": 0.043358929951985675, "img_per_s": 1487.1520878502135, "mem_gb": [6.99, 6.99]}
PROGRESS {"progress": 0.11298395453559028, "step": 2930, "elapsed_min": 33.9, "lr": 0.0009779732158003668, "loss": 0.04334291776021321, "img_per_s": 1486.0651032859787, "mem_gb": [6.99, 6.99]}
PROGRESS {"progress": 0.11411100260416666, "step": 2960, "elapsed_min": 34.23, "lr": 0.0009774400917289961, "loss": 0.043331276286732064, "img_per_s": 1488.5897914227053, "mem_gb": [6.99, 6.99]}
PROGRESS {"progress": 0.11526662868923611, "step": 2990, "elapsed_min": 34.58, "lr": 0.0009768869849399668, "loss": 0.04327939616309272, "img_per_s": 1487.6006560413105, "mem_gb": [6.99, 6.99]}
PROGRESS {"progress": 0.11641943359375, "step": 3020, "elapsed_min": 34.93, "lr": 0.0009763287143914879, "loss": 0.04323377364721054, "img_per_s": 1487.0467057996398, "mem_gb": [6.99, 6.99]}
PROGRESS {"progress": 0.11757378472222223, "step": 3050, "elapsed_min": 35.27, "lr": 0.0009757631835302204, "loss": 0.04321720486595517, "img_per_s": 1486.4314472138033, "mem_gb": [6.99, 6.99]}
PROGRESS {"progress": 0.11872840711805556, "step": 3080, "elapsed_min": 35.62, "lr": 0.0009751910093343618, "loss": 0.043218498229980466, "img_per_s": 1485.876730198906, "mem_gb": [6.99, 6.99]}
PROGRESS {"progress": 0.119857177734375, "step": 3110, "elapsed_min": 35.96, "lr": 0.0009746253593743451, "loss": 0.043221668402353926, "img_per_s": 1487.4801924695696, "mem_gb": [6.99, 6.99]}
PROGRESS {"progress": 0.12101683213975695, "step": 3140, "elapsed_min": 36.31, "lr": 0.0009740377678842028, "loss": 0.04322431975719975, "img_per_s": 1486.5418095597156, "mem_gb": [6.99, 6.99]}
PROGRESS {"progress": 0.12217366536458334, "step": 3170, "elapsed_min": 36.65, "lr": 0.0009734450854932139, "loss": 0.043203696498164426, "img_per_s": 1485.911758418915, "mem_gb": [6.99, 6.99]}
PROGRESS {"progress": 0.12333308919270833, "step": 3200, "elapsed_min": 37.0, "lr": 0.0009728445497139295, "loss": 0.043196875588935715, "img_per_s": 1485.1734260707074, "mem_gb": [6.99, 6.99]}
PROGRESS {"progress": 0.12448475477430555, "step": 3230, "elapsed_min": 37.35, "lr": 0.0009722415725806112, "loss": 0.04317614555358887, "img_per_s": 1484.7682646706182, "mem_gb": [6.99, 6.99]}
PROGRESS {"progress": 0.12561573621961805, "step": 3260, "elapsed_min": 37.68, "lr": 0.0009716431672738957, "loss": 0.0431582526555137, "img_per_s": 1486.1386599111734, "mem_gb": [6.99, 6.99]}
PROGRESS {"progress": 0.12676732042100694, "step": 3290, "elapsed_min": 38.03, "lr": 0.0009710274976466684, "loss": 0.04315486676765211, "img_per_s": 1485.9471000733395, "mem_gb": [6.99, 6.99]}
PROGRESS {"progress": 0.12791776529947918, "step": 3320, "elapsed_min": 38.38, "lr": 0.0009704060342013419, "loss": 0.04313836581465127, "img_per_s": 1485.8401559910453, "mem_gb": [6.99, 6.99]}
PROGRESS {"progress": 0.1290687255859375, "step": 3350, "elapsed_min": 38.72, "lr": 0.0009697778967332008, "loss": 0.043100179566277395, "img_per_s": 1485.7135776661821, "mem_gb": [6.99, 6.99]}
PROGRESS {"progress": 0.13019523111979167, "step": 3380, "elapsed_min": 39.06, "lr": 0.0009691569190858496, "loss": 0.043102925618489586, "img_per_s": 1486.8652920294007, "mem_gb": [6.99, 6.99]}
PROGRESS {"progress": 0.1313478325737847, "step": 3410, "elapsed_min": 39.4, "lr": 0.0009685152305168589, "loss": 0.0430969727345002, "img_per_s": 1486.6256271442594, "mem_gb": [6.99, 6.99]}
PROGRESS {"progress": 0.13250826009114583, "step": 3440, "elapsed_min": 39.75, "lr": 0.0009678627302568374, "loss": 0.043083040213879244, "img_per_s": 1486.0313836968694, "mem_gb": [6.99, 6.99]}
PROGRESS {"progress": 0.13366531032986112, "step": 3470, "elapsed_min": 40.1, "lr": 0.0009672056897036057, "loss": 0.04306085677373977, "img_per_s": 1485.6343467983907, "mem_gb": [6.99, 6.99]}
PROGRESS {"progress": 0.13482515462239583, "step": 3500, "elapsed_min": 40.45, "lr": 0.000966540618373591, "loss": 0.0430493453453327, "img_per_s": 1485.141396654774, "mem_gb": [6.99, 6.99]}
ROUND {"round": 3, "elapsed_min": 40.56, "step": 3510, "epoch": 92, "train_loss": 0.043128100308504974, "train_psnr_rgb": 31.156589577414774, "lr": 0.0009663235350815044, "img_per_s": 1485.4444936840005, "mem_gb": [6.99, 6.99], "util_pct": [100.0, 100.0], "val_psnr_y": 32.63756561279297, "val_ssim_y": 0.8706223964691162, "val_bicubic_psnr_y": 31.562559127807617, "best_val_psnr_y": 32.63756561279297}
/usr/local/lib/python3.13/dist-packages/torch/distributed/c10d_logger.py:83: UserWarning: barrier(): using the device under current context. You can specify `device_id` in `init_process_group` to mute this warning.
  return func(*args, **kwargs)
PROGRESS {"progress": 0.13570833333333332, "step": 3520, "elapsed_min": 40.71, "lr": 0.0009660298697716483, "loss": 0.041415846347808837, "img_per_s": 1516.6086493820928, "mem_gb": [6.99, 6.99]}
PROGRESS {"progress": 0.13686634657118055, "step": 3550, "elapsed_min": 41.06, "lr": 0.0009653545289493773, "loss": 0.04263803958892822, "img_per_s": 1484.2713798868085, "mem_gb": [6.99, 6.99]}
PROGRESS {"progress": 0.1380235324435764, "step": 3580, "elapsed_min": 41.41, "lr": 0.000964673271436184, "loss": 0.042752776827131, "img_per_s": 1480.2085949565942, "mem_gb": [6.99, 6.99]}
PROGRESS {"progress": 0.13917621527777777, "step": 3610, "elapsed_min": 41.75, "lr": 0.0009639883146341819, "loss": 0.04264497756958008, "img_per_s": 1478.0981257796748, "mem_gb": [6.99, 6.99]}
PROGRESS {"progress": 0.140307373046875, "step": 3640, "elapsed_min": 42.09, "lr": 0.0009633099961745194, "loss": 0.04251341086167556, "img_per_s": 1486.813622862394, "mem_gb": [6.99, 6.99]}
PROGRESS {"progress": 0.14146546766493057, "step": 3670, "elapsed_min": 42.44, "lr": 0.0009626092200375156, "loss": 0.042527392506599426, "img_per_s": 1484.3229834683696, "mem_gb": [6.99, 6.99]}
PROGRESS {"progress": 0.14261933051215278, "step": 3700, "elapsed_min": 42.79, "lr": 0.0009619046703228634, "loss": 0.04243860746684827, "img_per_s": 1483.4946160070065, "mem_gb": [6.99, 6.99]}
PROGRESS {"progress": 0.14378138563368056, "step": 3730, "elapsed_min": 43.13, "lr": 0.0009611887380052751, "loss": 0.04243007139726119, "img_per_s": 1481.4515447077572, "mem_gb": [6.99, 6.99]}
PROGRESS {"progress": 0.14491065809461806, "step": 3760, "elapsed_min": 43.47, "lr": 0.0009604868776533637, "loss": 0.04244310760498047, "img_per_s": 1484.9765715934439, "mem_gb": [6.99, 6.99]}
PROGRESS {"progress": 0.14607050238715277, "step": 3790, "elapsed_min": 43.82, "lr": 0.0009597597412828725, "loss": 0.04244541781289237, "img_per_s": 1483.515767785702, "mem_gb": [6.99, 6.99]}
PROGRESS {"progress": 0.1472299533420139, "step": 3820, "elapsed_min": 44.17, "lr": 0.0009590265057411024, "loss": 0.042451695472963395, "img_per_s": 1482.3883532761836, "mem_gb": [6.99, 6.99]}
PROGRESS {"progress": 0.14838895670572916, "step": 3850, "elapsed_min": 44.52, "lr": 0.0009582872223639485, "loss": 0.04243942148545209, "img_per_s": 1481.5131957223166, "mem_gb": [6.99, 6.99]}
PROGRESS {"progress": 0.14954798719618057, "step": 3880, "elapsed_min": 44.86, "lr": 0.0009575416019992303, "loss": 0.0424473221237595, "img_per_s": 1480.7753847152976, "mem_gb": [6.99, 6.99]}
PROGRESS {"progress": 0.150675537109375, "step": 3910, "elapsed_min": 45.2, "lr": 0.0009568101787015755, "loss": 0.04242220401763916, "img_per_s": 1483.1923090599246, "mem_gb": [6.99, 6.99]}
PROGRESS {"progress": 0.15183277723524305, "step": 3940, "elapsed_min": 45.55, "lr": 0.0009560532965704648, "loss": 0.04245063426882722, "img_per_s": 1482.598738347796, "mem_gb": [6.99, 6.99]}
PROGRESS {"progress": 0.1529881863064236, "step": 3970, "elapsed_min": 45.9, "lr": 0.0009552913573851817, "loss": 0.042447475765062415, "img_per_s": 1482.238453269088, "mem_gb": [6.99, 6.99]}
PROGRESS {"progress": 0.15414268663194444, "step": 4000, "elapsed_min": 46.24, "lr": 0.0009545237856042225, "loss": 0.04240242705053213, "img_per_s": 1481.9958108960918, "mem_gb": [6.99, 6.99]}
PROGRESS {"progress": 0.1553000217013889, "step": 4030, "elapsed_min": 46.59, "lr": 0.0009537480873199198, "loss": 0.04238686928382287, "img_per_s": 1481.5705888663433, "mem_gb": [6.99, 6.99]}
PROGRESS {"progress": 0.15643212890625, "step": 4060, "elapsed_min": 46.93, "lr": 0.0009529832615221681, "loss": 0.04236794211647727, "img_per_s": 1482.9650520228447, "mem_gb": [6.99, 6.99]}
PROGRESS {"progress": 0.1575940890842014, "step": 4090, "elapsed_min": 47.28, "lr": 0.0009521920703221291, "loss": 0.04235469883885877, "img_per_s": 1482.2227131942602, "mem_gb": [6.99, 6.99]}
PROGRESS {"progress": 0.15874937608506945, "step": 4120, "elapsed_min": 47.62, "lr": 0.0009513992096466064, "loss": 0.0423428801239514, "img_per_s": 1481.9783250493756, "mem_gb": [6.99, 6.99]}
PROGRESS {"progress": 0.1599117431640625, "step": 4150, "elapsed_min": 47.97, "lr": 0.0009505952485213404, "loss": 0.04234020113945007, "img_per_s": 1481.330169692125, "mem_gb": [6.99, 6.99]}
PROGRESS {"progress": 0.1610752224392361, "step": 4180, "elapsed_min": 48.32, "lr": 0.0009497842597702112, "loss": 0.042323869733668085, "img_per_s": 1480.6982886444966, "mem_gb": [6.99, 6.99]}
PROGRESS {"progress": 0.1622068142361111, "step": 4210, "elapsed_min": 48.66, "lr": 0.0009489895022058852, "loss": 0.0423018673488072, "img_per_s": 1481.837822135956, "mem_gb": [6.99, 6.99]}
PROGRESS {"progress": 0.16336177571614582, "step": 4240, "elapsed_min": 49.01, "lr": 0.000948172245540572, "loss": 0.0422940293403521, "img_per_s": 1481.6639653417844, "mem_gb": [6.99, 6.99]}
PROGRESS {"progress": 0.16452229817708333, "step": 4270, "elapsed_min": 49.36, "lr": 0.0009473448727177173, "loss": 0.04227602105391653, "img_per_s": 1481.223957735771, "mem_gb": [6.99, 6.99]}
PROGRESS {"progress": 0.16568378363715278, "step": 4300, "elapsed_min": 49.71, "lr": 0.0009465106210548914, "loss": 0.04226855507379846, "img_per_s": 1480.7704507342464, "mem_gb": [6.99, 6.99]}
PROGRESS {"progress": 0.16681448025173612, "step": 4330, "elapsed_min": 50.04, "lr": 0.0009456925441679828, "loss": 0.04225674140744093, "img_per_s": 1481.8004191840362, "mem_gb": [6.99, 6.99]}
PROGRESS {"progress": 0.16797562662760418, "step": 4360, "elapsed_min": 50.39, "lr": 0.0009448463490280092, "loss": 0.042236592909869024, "img_per_s": 1481.372682667253, "mem_gb": [6.99, 6.99]}
ROUND {"round": 4, "elapsed_min": 50.63, "step": 4380, "epoch": 115, "train_loss": 0.04224680319599722, "train_psnr_rgb": 31.394986979166667, "lr": 0.0009442723049888387, "img_per_s": 1480.7130480730696, "mem_gb": [6.99, 6.99], "util_pct": [100.0, 100.0], "val_psnr_y": 32.85163116455078, "val_ssim_y": 0.874182403087616, "val_bicubic_psnr_y": 31.562559127807617, "best_val_psnr_y": 32.85163116455078}
/usr/local/lib/python3.13/dist-packages/torch/distributed/c10d_logger.py:83: UserWarning: barrier(): using the device under current context. You can specify `device_id` in `init_process_group` to mute this warning.
  return func(*args, **kwargs)
PROGRESS {"progress": 0.16875855848524304, "step": 4380, "elapsed_min": 50.63, "lr": 0.0009442723049888387, "loss": 0.0, "img_per_s": 0.0, "mem_gb": [6.99, 6.99]}
PROGRESS {"progress": 0.17004288736979167, "step": 4410, "elapsed_min": 51.01, "lr": 0.000943324585259826, "loss": 0.04148038625717163, "img_per_s": 1480.499329978467, "mem_gb": [6.99, 6.99]}
PROGRESS {"progress": 0.17117230902777777, "step": 4440, "elapsed_min": 51.35, "lr": 0.0009424849697235362, "loss": 0.04154373009999593, "img_per_s": 1495.658976431108, "mem_gb": [6.99, 6.99]}
PROGRESS {"progress": 0.17232425944010415, "step": 4470, "elapsed_min": 51.7, "lr": 0.0009416226379643319, "loss": 0.04173457622528076, "img_per_s": 1490.911202804809, "mem_gb": [6.99, 6.99]}
PROGRESS {"progress": 0.1734863552517361, "step": 4500, "elapsed_min": 52.05, "lr": 0.0009407466163212445, "loss": 0.04179519812266032, "img_per_s": 1485.2738629837972, "mem_gb": [6.99, 6.99]}
PROGRESS {"progress": 0.1746427273220486, "step": 4530, "elapsed_min": 52.39, "lr": 0.000939868844646424, "loss": 0.041801223754882814, "img_per_s": 1483.394946019624, "mem_gb": [6.99, 6.99]}
PROGRESS {"progress": 0.17579973687065972, "step": 4560, "elapsed_min": 52.74, "lr": 0.0009389845463870661, "loss": 0.041844473944769964, "img_per_s": 1482.0450699146138, "mem_gb": [6.99, 6.99]}
PROGRESS {"progress": 0.17692971462673612, "step": 4590, "elapsed_min": 53.08, "lr": 0.0009381150858978866, "loss": 0.04185404550461542, "img_per_s": 1485.9899255393025, "mem_gb": [6.99, 6.99]}
PROGRESS {"progress": 0.17808641221788193, "step": 4620, "elapsed_min": 53.43, "lr": 0.0009372191184559928, "loss": 0.041833889484405515, "img_per_s": 1484.6566338545547, "mem_gb": [6.99, 6.99]}
PROGRESS {"progress": 0.1792392849392361, "step": 4650, "elapsed_min": 53.77, "lr": 0.0009363201387931694, "loss": 0.041855144500732425, "img_per_s": 1484.1777599512122, "mem_gb": [6.99, 6.99]}
PROGRESS {"progress": 0.1803936767578125, "step": 4680, "elapsed_min": 54.12, "lr": 0.000935414010070371, "loss": 0.041853596369425455, "img_per_s": 1483.5999133202597, "mem_gb": [6.99, 6.99]}
PROGRESS {"progress": 0.1815234917534722, "step": 4710, "elapsed_min": 54.46, "lr": 0.0009345214054252626, "loss": 0.041850104476466324, "img_per_s": 1486.0141307133144, "mem_gb": [6.99, 6.99]}
PROGRESS {"progress": 0.18267911783854165, "step": 4740, "elapsed_min": 54.8, "lr": 0.0009336025189470371, "loss": 0.04182852904001872, "img_per_s": 1485.2409697763696, "mem_gb": [6.99, 6.99]}
PROGRESS {"progress": 0.18383836534288195, "step": 4770, "elapsed_min": 55.15, "lr": 0.0009326747810580788, "loss": 0.04181187458527394, "img_per_s": 1484.2321363932183, "mem_gb": [6.99, 6.99]}
PROGRESS {"progress": 0.18499519856770832, "step": 4800, "elapsed_min": 55.5, "lr": 0.0009317430255108813, "loss": 0.04179227465674991, "img_per_s": 1483.589481573633, "mem_gb": [6.99, 6.99]}
PROGRESS {"progress": 0.18615171983506945, "step": 4830, "elapsed_min": 55.85, "lr": 0.0009308055928585713, "loss": 0.041760470072428384, "img_per_s": 1483.0609665150337, "mem_gb": [6.99, 6.99]}
PROGRESS {"progress": 0.18728317599826388, "step": 4860, "elapsed_min": 56.18, "lr": 0.0009298827531584362, "loss": 0.04176087379455566, "img_per_s": 1484.620585177727, "mem_gb": [6.99, 6.99]}
PROGRESS {"progress": 0.18844536675347223, "step": 4890, "elapsed_min": 56.53, "lr": 0.0009289289645900348, "loss": 0.041751857832366346, "img_per_s": 1483.6603671796827, "mem_gb": [6.99, 6.99]}
PROGRESS {"progress": 0.18960445149739583, "step": 4920, "elapsed_min": 56.88, "lr": 0.000927971802109812, "loss": 0.041758247658058446, "img_per_s": 1483.0320036177739, "mem_gb": [6.99, 6.99]}
PROGRESS {"progress": 0.19076578776041667, "step": 4950, "elapsed_min": 57.23, "lr": 0.0009270068613388674, "loss": 0.041734240347878974, "img_per_s": 1482.316862810452, "mem_gb": [6.99, 6.99]}
PROGRESS {"progress": 0.19192195638020834, "step": 4980, "elapsed_min": 57.58, "lr": 0.0009260403422974515, "loss": 0.04172948519388835, "img_per_s": 1482.0067503695884, "mem_gb": [6.99, 6.99]}
PROGRESS {"progress": 0.193050537109375, "step": 5010, "elapsed_min": 57.92, "lr": 0.0009250912476739274, "loss": 0.041718180217440164, "img_per_s": 1483.4194922975466, "mem_gb": [6.99, 6.99]}
PROGRESS {"progress": 0.19420148383246527, "step": 5040, "elapsed_min": 58.26, "lr": 0.000924117620312644, "loss": 0.04172823067867395, "img_per_s": 1483.3917745196688, "mem_gb": [6.99, 6.99]}
PROGRESS {"progress": 0.19535519748263888, "step": 5070, "elapsed_min": 58.61, "lr": 0.0009231358647508688, "loss": 0.0417076221410779, "img_per_s": 1483.2134284651497, "mem_gb": [6.99, 6.99]}
PROGRESS {"progress": 0.19651813422309028, "step": 5100, "elapsed_min": 58.96, "lr": 0.0009221404102182845, "loss": 0.04171986844804552, "img_per_s": 1482.5545508815896, "mem_gb": [6.99, 6.99]}
PROGRESS {"progress": 0.19767720540364583, "step": 5130, "elapsed_min": 59.3, "lr": 0.0009211424336585544, "loss": 0.041698712666829424, "img_per_s": 1481.701698183968, "mem_gb": [6.99, 6.99]}
PROGRESS {"progress": 0.19881624348958332, "step": 5160, "elapsed_min": 59.64, "lr": 0.000920156048107508, "loss": 0.041679680653107475, "img_per_s": 1482.7649318702568, "mem_gb": [6.99, 6.99]}
PROGRESS {"progress": 0.19997017415364585, "step": 5190, "elapsed_min": 59.99, "lr": 0.000919151060491774, "loss": 0.041660464251482926, "img_per_s": 1482.622874177299, "mem_gb": [6.99, 6.99]}
PROGRESS {"progress": 0.20112306043836806, "step": 5220, "elapsed_min": 60.34, "lr": 0.0009181412614885378, "loss": 0.04164032709030878, "img_per_s": 1482.541041503392, "mem_gb": [6.99, 6.99]}
ROUND {"round": 5, "elapsed_min": 60.68, "step": 5250, "epoch": 138, "train_loss": 0.041663991993871226, "train_psnr_rgb": 31.554512392241378, "lr": 0.0009171288129364843, "img_per_s": 1482.618338898046, "mem_gb": [6.99, 6.99], "util_pct": [96.0, 100.0], "val_psnr_y": 32.998817443847656, "val_ssim_y": 0.8767684698104858, "val_bicubic_psnr_y": 31.562559127807617, "best_val_psnr_y": 32.998817443847656}
/usr/local/lib/python3.13/dist-packages/torch/distributed/c10d_logger.py:83: UserWarning: barrier(): using the device under current context. You can specify `device_id` in `init_process_group` to mute this warning.
  return func(*args, **kwargs)
PROGRESS {"progress": 0.20227248806423612, "step": 5250, "elapsed_min": 60.68, "lr": 0.0009171288129364843, "loss": 0.0, "img_per_s": 0.0, "mem_gb": [6.99, 6.99]}
PROGRESS {"progress": 0.20353074815538194, "step": 5280, "elapsed_min": 61.06, "lr": 0.0009160140167491954, "loss": 0.04096294641494751, "img_per_s": 1513.4541623571754, "mem_gb": [6.99, 6.99]}
PROGRESS {"progress": 0.2046932644314236, "step": 5310, "elapsed_min": 61.41, "lr": 0.0009149780391117959, "loss": 0.04124445517857869, "img_per_s": 1490.4034536676045, "mem_gb": [6.99, 6.99]}
PROGRESS {"progress": 0.2058538818359375, "step": 5340, "elapsed_min": 61.76, "lr": 0.0009139380114005569, "loss": 0.041353053516811795, "img_per_s": 1483.7040199242758, "mem_gb": [6.99, 6.99]}
PROGRESS {"progress": 0.20701099989149305, "step": 5370, "elapsed_min": 62.1, "lr": 0.0009128954221374864, "loss": 0.04131887356440226, "img_per_s": 1481.4997503464197, "mem_gb": [6.99, 6.99]}
PROGRESS {"progress": 0.20816305881076388, "step": 5400, "elapsed_min": 62.45, "lr": 0.0009118517540563358, "loss": 0.04132673581441244, "img_per_s": 1481.4797192355982, "mem_gb": [6.99, 6.99]}
PROGRESS {"progress": 0.2092906222873264, "step": 5430, "elapsed_min": 62.79, "lr": 0.0009108248437460755, "loss": 0.041352121035257976, "img_per_s": 1486.742999196316, "mem_gb": [6.99, 6.99]}
PROGRESS {"progress": 0.21045247395833333, "step": 5460, "elapsed_min": 63.14, "lr": 0.0009097610979995714, "loss": 0.04139709926786877, "img_per_s": 1484.163937677396, "mem_gb": [6.99, 6.99]}
PROGRESS {"progress": 0.2116121826171875, "step": 5490, "elapsed_min": 63.48, "lr": 0.0009086936526071739, "loss": 0.041407644748687744, "img_per_s": 1482.590143537091, "mem_gb": [6.99, 6.99]}
PROGRESS {"progress": 0.21276780870225695, "step": 5520, "elapsed_min": 63.83, "lr": 0.0009076243530140527, "loss": 0.04134463557490596, "img_per_s": 1481.9453824650034, "mem_gb": [6.99, 6.99]}
PROGRESS {"progress": 0.21393296983506943, "step": 5550, "elapsed_min": 64.18, "lr": 0.000906540573961773, "loss": 0.04136104583740234, "img_per_s": 1480.2062150544675, "mem_gb": [6.99, 6.99]}
PROGRESS {"progress": 0.21506571451822917, "step": 5580, "elapsed_min": 64.52, "lr": 0.0009054815164211774, "loss": 0.04133805939645478, "img_per_s": 1482.5781402872258, "mem_gb": [6.99, 6.99]}
PROGRESS {"progress": 0.2162287326388889, "step": 5610, "elapsed_min": 64.87, "lr": 0.0009043885988704354, "loss": 0.04136510690053304, "img_per_s": 1481.301759772778, "mem_gb": [6.99, 6.99]}
PROGRESS {"progress": 0.21738327365451388, "step": 5640, "elapsed_min": 65.21, "lr": 0.0009032980945455412, "loss": 0.04134952349540515, "img_per_s": 1481.0644710376757, "mem_gb": [6.99, 6.99]}
PROGRESS {"progress": 0.2185396185980903, "step": 5670, "elapsed_min": 65.56, "lr": 0.000902200355778676, "loss": 0.041364410945347374, "img_per_s": 1480.694609234662, "mem_gb": [6.99, 6.99]}
PROGRESS {"progress": 0.21969755045572917, "step": 5700, "elapsed_min": 65.91, "lr": 0.0009010955793552462, "loss": 0.04136363559299045, "img_per_s": 1480.2722174818302, "mem_gb": [6.99, 6.99]}
PROGRESS {"progress": 0.22082449001736112, "step": 5730, "elapsed_min": 66.25, "lr": 0.0009000150722609971, "loss": 0.04137094418207805, "img_per_s": 1482.3357360741006, "mem_gb": [6.99, 6.99]}
PROGRESS {"progress": 0.221983642578125, "step": 5760, "elapsed_min": 66.6, "lr": 0.0008988982397358368, "loss": 0.04135546216777727, "img_per_s": 1481.7400390884977, "mem_gb": [6.99, 6.99]}
PROGRESS {"progress": 0.223137451171875, "step": 5790, "elapsed_min": 66.94, "lr": 0.0008977810929805671, "loss": 0.0413791020711263, "img_per_s": 1481.5955564770495, "mem_gb": [6.99, 6.99]}
PROGRESS {"progress": 0.22429825846354168, "step": 5820, "elapsed_min": 67.29, "lr": 0.0008966516852248039, "loss": 0.04138168870357045, "img_per_s": 1480.9948067922621, "mem_gb": [6.99, 6.99]}
PROGRESS {"progress": 0.2254295925564236, "step": 5850, "elapsed_min": 67.63, "lr": 0.000895545674793295, "loss": 0.041362889607747394, "img_per_s": 1482.3495931908774, "mem_gb": [6.99, 6.99]}
PROGRESS {"progress": 0.22659278700086805, "step": 5880, "elapsed_min": 67.98, "lr": 0.0008944030996709026, "loss": 0.04135060688805959, "img_per_s": 1481.6207414592595, "mem_gb": [6.99, 6.99]}
PROGRESS {"progress": 0.22774853515625, "step": 5910, "elapsed_min": 68.32, "lr": 0.000893262414307671, "loss": 0.04135243675925515, "img_per_s": 1481.3949404479324, "mem_gb": [6.99, 6.99]}
PROGRESS {"progress": 0.22890869140625, "step": 5940, "elapsed_min": 68.67, "lr": 0.0008921119560129232, "loss": 0.041341488603232564, "img_per_s": 1480.9429666803221, "mem_gb": [6.99, 6.99]}
PROGRESS {"progress": 0.23006949869791668, "step": 5970, "elapsed_min": 69.02, "lr": 0.0008909554308460706, "loss": 0.04134808646308051, "img_per_s": 1480.4931889555953, "mem_gb": [6.99, 6.99]}
PROGRESS {"progress": 0.23120225694444443, "step": 6000, "elapsed_min": 69.36, "lr": 0.0008898216387383074, "loss": 0.04134476216634114, "img_per_s": 1481.5244995962103, "mem_gb": [6.99, 6.99]}
PROGRESS {"progress": 0.23235755750868056, "step": 6030, "elapsed_min": 69.71, "lr": 0.0008886599958851144, "loss": 0.04133690565060347, "img_per_s": 1481.3582570583744, "mem_gb": [6.99, 6.99]}
PROGRESS {"progress": 0.2335217013888889, "step": 6060, "elapsed_min": 70.06, "lr": 0.0008874840758030358, "loss": 0.04133796691894531, "img_per_s": 1480.7835196811113, "mem_gb": [6.99, 6.99]}
PROGRESS {"progress": 0.23468570963541666, "step": 6090, "elapsed_min": 70.41, "lr": 0.0008863029041055189, "loss": 0.04132702691214425, "img_per_s": 1480.2595611208203, "mem_gb": [6.99, 6.99]}
ROUND {"round": 6, "elapsed_min": 70.75, "step": 6120, "epoch": 161, "train_loss": 0.04131735439958244, "train_psnr_rgb": 31.653331537356323, "lr": 0.000885121875651621, "img_per_s": 1480.007435879509, "mem_gb": [6.99, 6.99], "util_pct": [96.0, 99.0], "val_psnr_y": 33.08467483520508, "val_ssim_y": 0.8783004283905029, "val_bicubic_psnr_y": 31.562559127807617, "best_val_psnr_y": 33.08467483520508}
/usr/local/lib/python3.13/dist-packages/torch/distributed/c10d_logger.py:83: UserWarning: barrier(): using the device under current context. You can specify `device_id` in `init_process_group` to mute this warning.
  return func(*args, **kwargs)
PROGRESS {"progress": 0.23584431966145833, "step": 6120, "elapsed_min": 70.75, "lr": 0.000885121875651621, "loss": 0.0, "img_per_s": 0.0, "mem_gb": [6.99, 6.99]}
PROGRESS {"progress": 0.23710451931423612, "step": 6150, "elapsed_min": 71.13, "lr": 0.0008838312683140494, "loss": 0.04170461495717367, "img_per_s": 1511.044232864326, "mem_gb": [6.99, 6.99]}
PROGRESS {"progress": 0.23826985677083334, "step": 6180, "elapsed_min": 71.48, "lr": 0.0008826322442750014, "loss": 0.04133597612380981, "img_per_s": 1487.3964084869303, "mem_gb": [6.99, 6.99]}
PROGRESS {"progress": 0.23943033854166668, "step": 6210, "elapsed_min": 71.83, "lr": 0.0008814329166385796, "loss": 0.041192709075080026, "img_per_s": 1481.7724771119226, "mem_gb": [6.99, 6.99]}
PROGRESS {"progress": 0.240582763671875, "step": 6240, "elapsed_min": 72.17, "lr": 0.0008802366981041148, "loss": 0.04120660622914632, "img_per_s": 1481.5661441632155, "mem_gb": [6.99, 6.99]}
PROGRESS {"progress": 0.24173844401041666, "step": 6270, "elapsed_min": 72.52, "lr": 0.0008790318960071506, "loss": 0.04113727887471517, "img_per_s": 1480.7028835306855, "mem_gb": [6.99, 6.99]}
PROGRESS {"progress": 0.242874755859375, "step": 6300, "elapsed_min": 72.86, "lr": 0.0008778422199672821, "loss": 0.04116372267405192, "img_per_s": 1484.1255738518603, "mem_gb": [6.99, 6.99]}
PROGRESS {"progress": 0.2440405002170139, "step": 6330, "elapsed_min": 73.21, "lr": 0.0008766165261179552, "loss": 0.041115215846470425, "img_per_s": 1481.2139853921185, "mem_gb": [6.99, 6.99]}
PROGRESS {"progress": 0.24520090060763888, "step": 6360, "elapsed_min": 73.56, "lr": 0.0008753912344692212, "loss": 0.04109481573104858, "img_per_s": 1479.89784739251, "mem_gb": [6.99, 6.99]}
PROGRESS {"progress": 0.2463588595920139, "step": 6390, "elapsed_min": 73.91, "lr": 0.0008741633494824538, "loss": 0.041124527542679395, "img_per_s": 1479.2226986710962, "mem_gb": [6.99, 6.99]}
PROGRESS {"progress": 0.2474885525173611, "step": 6420, "elapsed_min": 74.25, "lr": 0.0008729604754328822, "loss": 0.04109782854715983, "img_per_s": 1482.3202118491806, "mem_gb": [6.99, 6.99]}
PROGRESS {"progress": 0.2486477322048611, "step": 6450, "elapsed_min": 74.59, "lr": 0.0008717211268906881, "loss": 0.04110829902417732, "img_per_s": 1481.399227055215, "mem_gb": [6.99, 6.99]}
PROGRESS {"progress": 0.24980379231770833, "step": 6480, "elapsed_min": 74.94, "lr": 0.0008704800082998074, "loss": 0.04108456505669488, "img_per_s": 1480.9710254040244, "mem_gb": [6.99, 6.99]}
PROGRESS {"progress": 0.2509695366753472, "step": 6510, "elapsed_min": 75.29, "lr": 0.0008692233475214218, "loss": 0.04110860090989333, "img_per_s": 1479.6526742840797, "mem_gb": [6.99, 6.99]}
PROGRESS {"progress": 0.25212451171875, "step": 6540, "elapsed_min": 75.64, "lr": 0.0008679732176658167, "loss": 0.041102391197567895, "img_per_s": 1479.5113113716743, "mem_gb": [6.99, 6.99]}
PROGRESS {"progress": 0.2532604437934028, "step": 6570, "elapsed_min": 75.98, "lr": 0.0008667387859458313, "loss": 0.04111403571234809, "img_per_s": 1481.0202934114384, "mem_gb": [6.99, 6.99]}
PROGRESS {"progress": 0.25441783311631944, "step": 6600, "elapsed_min": 76.33, "lr": 0.0008654760415806209, "loss": 0.04110638697942098, "img_per_s": 1480.6135531459836, "mem_gb": [6.99, 6.99]}
PROGRESS {"progress": 0.2555774197048611, "step": 6630, "elapsed_min": 76.67, "lr": 0.0008642058613909563, "loss": 0.041108075310202205, "img_per_s": 1480.0913174071259, "mem_gb": [6.99, 6.99]}
PROGRESS {"progress": 0.25673613823784724, "step": 6660, "elapsed_min": 77.02, "lr": 0.0008629316119004255, "loss": 0.041107728746202256, "img_per_s": 1479.6893307825803, "mem_gb": [6.99, 6.99]}
PROGRESS {"progress": 0.25788886176215275, "step": 6690, "elapsed_min": 77.37, "lr": 0.0008616589931874941, "loss": 0.04110315891734341, "img_per_s": 1479.7341323975013, "mem_gb": [6.99, 6.99]}
PROGRESS {"progress": 0.25901752387152777, "step": 6720, "elapsed_min": 77.71, "lr": 0.0008604081600559169, "loss": 0.04109306971232096, "img_per_s": 1481.3230542488143, "mem_gb": [6.99, 6.99]}
PROGRESS {"progress": 0.26017857530381944, "step": 6750, "elapsed_min": 78.05, "lr": 0.0008591165154774368, "loss": 0.04109598795572917, "img_per_s": 1480.7748819199796, "mem_gb": [6.99, 6.99]}
PROGRESS {"progress": 0.26134098307291664, "step": 6780, "elapsed_min": 78.4, "lr": 0.0008578183853166295, "loss": 0.04108286192922881, "img_per_s": 1480.198376185736, "mem_gb": [6.99, 6.99]}
PROGRESS {"progress": 0.26250425889756945, "step": 6810, "elapsed_min": 78.75, "lr": 0.0008565143186178397, "loss": 0.041088200997615204, "img_per_s": 1479.6261810760132, "mem_gb": [6.99, 6.99]}
PROGRESS {"progress": 0.26366376410590275, "step": 6840, "elapsed_min": 79.1, "lr": 0.000855209552065381, "loss": 0.04108203517066108, "img_per_s": 1479.103499187193, "mem_gb": [6.99, 6.99]}
PROGRESS {"progress": 0.2647987738715278, "step": 6870, "elapsed_min": 79.44, "lr": 0.0008539276030139661, "loss": 0.041086219787597654, "img_per_s": 1480.264394084999, "mem_gb": [6.99, 6.99]}
PROGRESS {"progress": 0.2659609375, "step": 6900, "elapsed_min": 79.79, "lr": 0.0008526101367002463, "loss": 0.04108436291034405, "img_per_s": 1479.806542857926, "mem_gb": [6.99, 6.99]}
PROGRESS {"progress": 0.2671288519965278, "step": 6930, "elapsed_min": 80.14, "lr": 0.0008512812275103586, "loss": 0.04107506834430459, "img_per_s": 1479.1121724407717, "mem_gb": [6.99, 6.99]}
PROGRESS {"progress": 0.26829212782118056, "step": 6960, "elapsed_min": 80.49, "lr": 0.0008499527085944986, "loss": 0.041083426702590214, "img_per_s": 1478.6797342658588, "mem_gb": [6.99, 6.99]}
ROUND {"round": 7, "elapsed_min": 80.83, "step": 6990, "epoch": 183, "train_loss": 0.04107763356175916, "train_psnr_rgb": 31.71877469468391, "lr": 0.0008486542474838873, "img_per_s": 1479.623791644585, "mem_gb": [6.99, 6.99], "util_pct": [100.0, 100.0], "val_psnr_y": 33.15221405029297, "val_ssim_y": 0.8794799447059631, "val_bicubic_psnr_y": 31.562559127807617, "best_val_psnr_y": 33.15221405029297}
/usr/local/lib/python3.13/dist-packages/torch/distributed/c10d_logger.py:83: UserWarning: barrier(): using the device under current context. You can specify `device_id` in `init_process_group` to mute this warning.
  return func(*args, **kwargs)
PROGRESS {"progress": 0.2694249945746528, "step": 6990, "elapsed_min": 80.83, "lr": 0.0008486542474838873, "loss": 0.0, "img_per_s": 0.0, "mem_gb": [6.99, 6.99]}
PROGRESS {"progress": 0.2707211371527778, "step": 7020, "elapsed_min": 81.22, "lr": 0.0008471630129631684, "loss": 0.040626593430836994, "img_per_s": 1464.82941530829, "mem_gb": [6.99, 6.99]}
PROGRESS {"progress": 0.27188297526041666, "step": 7050, "elapsed_min": 81.56, "lr": 0.0008458212104618787, "loss": 0.04085992574691773, "img_per_s": 1466.8790769281475, "mem_gb": [6.99, 6.99]}
PROGRESS {"progress": 0.2730428602430556, "step": 7080, "elapsed_min": 81.91, "lr": 0.0008444768853918353, "loss": 0.04079886012607151, "img_per_s": 1468.3895921652563, "mem_gb": [6.99, 6.99]}
PROGRESS {"progress": 0.27421473524305556, "step": 7110, "elapsed_min": 82.26, "lr": 0.0008431138341632745, "loss": 0.04085477193196615, "img_per_s": 1465.3610268357043, "mem_gb": [6.99, 6.99]}
PROGRESS {"progress": 0.275346435546875, "step": 7140, "elapsed_min": 82.6, "lr": 0.0008417929220039213, "loss": 0.04085163434346517, "img_per_s": 1473.7140951703193, "mem_gb": [6.99, 6.99]}
PROGRESS {"progress": 0.27650721571180553, "step": 7170, "elapsed_min": 82.95, "lr": 0.00084043340160844, "loss": 0.040918853547838, "img_per_s": 1473.1289529797152, "mem_gb": [6.99, 6.99]}
PROGRESS {"progress": 0.2776640625, "step": 7200, "elapsed_min": 83.3, "lr": 0.0008390738049458815, "loss": 0.040931715284075056, "img_per_s": 1473.4412855478176, "mem_gb": [6.99, 6.99]}
PROGRESS {"progress": 0.27882039388020835, "step": 7230, "elapsed_min": 83.65, "lr": 0.0008377101607107771, "loss": 0.040946578979492186, "img_per_s": 1473.7524688865938, "mem_gb": [6.99, 6.99]}
PROGRESS {"progress": 0.2799796278211806, "step": 7260, "elapsed_min": 83.99, "lr": 0.0008363384425500609, "loss": 0.0409484792638708, "img_per_s": 1473.5844945296794, "mem_gb": [6.99, 6.99]}
PROGRESS {"progress": 0.2811132269965278, "step": 7290, "elapsed_min": 84.33, "lr": 0.0008349925726219674, "loss": 0.0409292475382487, "img_per_s": 1476.720686441389, "mem_gb": [6.99, 6.99]}
PROGRESS {"progress": 0.2822770724826389, "step": 7320, "elapsed_min": 84.68, "lr": 0.000833606197192694, "loss": 0.040895034327651514, "img_per_s": 1475.7703436214997, "mem_gb": [6.99, 6.99]}
PROGRESS {"progress": 0.2834344075520833, "step": 7350, "elapsed_min": 85.03, "lr": 0.0008322229789628952, "loss": 0.04092967775132921, "img_per_s": 1475.678519835569, "mem_gb": [6.99, 6.99]}
PROGRESS {"progress": 0.28459166124131946, "step": 7380, "elapsed_min": 85.38, "lr": 0.0008308352924255802, "loss": 0.040925069955679086, "img_per_s": 1475.6072506944197, "mem_gb": [6.99, 6.99]}
PROGRESS {"progress": 0.2857493489583333, "step": 7410, "elapsed_min": 85.72, "lr": 0.0008294425365693098, "loss": 0.04094945362636021, "img_per_s": 1475.5410616658899, "mem_gb": [6.99, 6.99]}
PROGRESS {"progress": 0.2868796657986111, "step": 7440, "elapsed_min": 86.06, "lr": 0.0008280783379567668, "loss": 0.040956603156195745, "img_per_s": 1477.7546500309718, "mem_gb": [6.99, 6.99]}
PROGRESS {"progress": 0.2880381673177083, "step": 7470, "elapsed_min": 86.41, "lr": 0.0008266756597938419, "loss": 0.04093301296234131, "img_per_s": 1477.4636167460296, "mem_gb": [6.99, 6.99]}
PROGRESS {"progress": 0.2891963433159722, "step": 7500, "elapsed_min": 86.76, "lr": 0.0008252688789056989, "loss": 0.040925968394559975, "img_per_s": 1477.236144359743, "mem_gb": [6.99, 6.99]}
PROGRESS {"progress": 0.29035872395833334, "step": 7530, "elapsed_min": 87.11, "lr": 0.0008238524896227614, "loss": 0.04091033935546875, "img_per_s": 1476.7337090113576, "mem_gb": [6.99, 6.99]}
PROGRESS {"progress": 0.29149207899305557, "step": 7560, "elapsed_min": 87.45, "lr": 0.0008224671456361714, "loss": 0.040901762979072435, "img_per_s": 1478.2396436029858, "mem_gb": [6.99, 6.99]}
PROGRESS {"progress": 0.29265212673611113, "step": 7590, "elapsed_min": 87.8, "lr": 0.0008210447729223499, "loss": 0.04089783668518066, "img_per_s": 1477.8847397563281, "mem_gb": [6.99, 6.99]}
PROGRESS {"progress": 0.29381987847222224, "step": 7620, "elapsed_min": 88.15, "lr": 0.0008196084769807151, "loss": 0.040888159615652904, "img_per_s": 1477.0956244215338, "mem_gb": [6.99, 6.99]}
PROGRESS {"progress": 0.2949834526909722, "step": 7650, "elapsed_min": 88.5, "lr": 0.0008181728713486203, "loss": 0.04086975039857806, "img_per_s": 1476.6222586274546, "mem_gb": [6.99, 6.99]}
PROGRESS {"progress": 0.2961393500434028, "step": 7680, "elapsed_min": 88.84, "lr": 0.0008167423610253602, "loss": 0.04088142782017805, "img_per_s": 1476.6156185865864, "mem_gb": [6.99, 6.99]}
PROGRESS {"progress": 0.2972713216145833, "step": 7710, "elapsed_min": 89.18, "lr": 0.0008153372522607807, "loss": 0.04087238841586643, "img_per_s": 1477.8866706398594, "mem_gb": [6.99, 6.99]}
PROGRESS {"progress": 0.2984321560329861, "step": 7740, "elapsed_min": 89.53, "lr": 0.0008138920107292834, "loss": 0.04088195292154948, "img_per_s": 1477.5766272601338, "mem_gb": [6.99, 6.99]}
PROGRESS {"progress": 0.2995935601128472, "step": 7770, "elapsed_min": 89.88, "lr": 0.0008124417169176725, "loss": 0.04088908464480669, "img_per_s": 1477.2648927687687, "mem_gb": [6.99, 6.99]}
PROGRESS {"progress": 0.3007572970920139, "step": 7800, "elapsed_min": 90.23, "lr": 0.000810984172878078, "loss": 0.040875620900848765, "img_per_s": 1476.8633931169502, "mem_gb": [6.99, 6.99]}
PROGRESS {"progress": 0.30191444227430553, "step": 7830, "elapsed_min": 90.57, "lr": 0.0008095306003451918, "loss": 0.04086657024565197, "img_per_s": 1476.7935783794346, "mem_gb": [6.99, 6.99]}
ROUND {"round": 8, "elapsed_min": 90.91, "step": 7860, "epoch": 206, "train_loss": 0.04087776973329742, "train_psnr_rgb": 31.778847880747126, "lr": 0.0008081031665680059, "img_per_s": 1477.7905430971728, "mem_gb": [6.99, 6.99], "util_pct": [100.0, 100.0], "val_psnr_y": 33.20341491699219, "val_ssim_y": 0.8803286552429199, "val_bicubic_psnr_y": 31.562559127807617, "best_val_psnr_y": 33.20341491699219}
/usr/local/lib/python3.13/dist-packages/torch/distributed/c10d_logger.py:83: UserWarning: barrier(): using the device under current context. You can specify `device_id` in `init_process_group` to mute this warning.
  return func(*args, **kwargs)
PROGRESS {"progress": 0.30304749891493055, "step": 7860, "elapsed_min": 90.91, "lr": 0.0008081031665680059, "loss": 0.0, "img_per_s": 0.0, "mem_gb": [6.99, 6.99]}
PROGRESS {"progress": 0.30433946397569445, "step": 7890, "elapsed_min": 91.3, "lr": 0.0008064705878465834, "loss": 0.04078768094380696, "img_per_s": 1470.256517042936, "mem_gb": [6.99, 6.99]}
PROGRESS {"progress": 0.30550108506944446, "step": 7920, "elapsed_min": 91.65, "lr": 0.0008049982352977241, "loss": 0.040754024187723795, "img_per_s": 1469.7372368703316, "mem_gb": [6.99, 6.99]}
PROGRESS {"progress": 0.306666015625, "step": 7950, "elapsed_min": 92.0, "lr": 0.0008035174475557529, "loss": 0.04064380592770046, "img_per_s": 1468.1611686565293, "mem_gb": [6.99, 6.99]}
PROGRESS {"progress": 0.3078285590277778, "step": 7980, "elapsed_min": 92.35, "lr": 0.0008020354813242257, "loss": 0.04070099989573161, "img_per_s": 1468.2500879332956, "mem_gb": [6.99, 6.99]}
PROGRESS {"progress": 0.30896487087673613, "step": 8010, "elapsed_min": 92.69, "lr": 0.0008005829066392329, "loss": 0.040733744303385416, "img_per_s": 1474.785560998415, "mem_gb": [6.99, 6.99]}
PROGRESS {"progress": 0.31013460286458333, "step": 8040, "elapsed_min": 93.04, "lr": 0.0007990834511631699, "loss": 0.04078546894921197, "img_per_s": 1472.126911338371, "mem_gb": [6.99, 6.99]}
PROGRESS {"progress": 0.3112961154513889, "step": 8070, "elapsed_min": 93.39, "lr": 0.0007975903776512961, "loss": 0.040838341485886345, "img_per_s": 1471.7277873123576, "mem_gb": [6.99, 6.99]}
PROGRESS {"progress": 0.31245616319444447, "step": 8100, "elapsed_min": 93.74, "lr": 0.0007960950759902097, "loss": 0.04085256656010946, "img_per_s": 1471.6600811898834, "mem_gb": [6.99, 6.99]}
PROGRESS {"progress": 0.31358544921875, "step": 8130, "elapsed_min": 94.08, "lr": 0.000794635499315116, "loss": 0.04083004351015444, "img_per_s": 1475.9649097753402, "mem_gb": [6.99, 6.99]}
PROGRESS {"progress": 0.3147399631076389, "step": 8160, "elapsed_min": 94.42, "lr": 0.0007931393314025609, "loss": 0.040804449717203775, "img_per_s": 1476.1890376501221, "mem_gb": [6.99, 6.99]}
PROGRESS {"progress": 0.31590483940972225, "step": 8190, "elapsed_min": 94.77, "lr": 0.0007916256720075361, "loss": 0.040770279277454725, "img_per_s": 1475.1761176099144, "mem_gb": [6.99, 6.99]}
PROGRESS {"progress": 0.3170675726996528, "step": 8220, "elapsed_min": 95.12, "lr": 0.0007901107488234948, "loss": 0.04077609115176731, "img_per_s": 1474.5567726633137, "mem_gb": [6.99, 6.99]}
PROGRESS {"progress": 0.31823388671875, "step": 8250, "elapsed_min": 95.47, "lr": 0.0007885871180629724, "loss": 0.04076703389485677, "img_per_s": 1473.685358672317, "mem_gb": [6.99, 6.99]}
PROGRESS {"progress": 0.31936781141493054, "step": 8280, "elapsed_min": 95.81, "lr": 0.000787101938377176, "loss": 0.040752746945335754, "img_per_s": 1475.8899330980357, "mem_gb": [6.99, 6.99]}
PROGRESS {"progress": 0.3205252278645833, "step": 8310, "elapsed_min": 96.16, "lr": 0.0007855820845642966, "loss": 0.04076564788818359, "img_per_s": 1475.7965200383592, "mem_gb": [6.99, 6.99]}
PROGRESS {"progress": 0.3216876356336806, "step": 8340, "elapsed_min": 96.51, "lr": 0.0007840517264314397, "loss": 0.04071971575419108, "img_per_s": 1475.3216480122944, "mem_gb": [6.99, 6.99]}
PROGRESS {"progress": 0.322846923828125, "step": 8370, "elapsed_min": 96.85, "lr": 0.0007825215538840721, "loss": 0.04070860170850567, "img_per_s": 1475.1355436000488, "mem_gb": [6.99, 6.99]}
PROGRESS {"progress": 0.32401068793402776, "step": 8400, "elapsed_min": 97.2, "lr": 0.0007809815558708887, "loss": 0.040722716296160665, "img_per_s": 1474.6528249055452, "mem_gb": [6.99, 6.99]}
PROGRESS {"progress": 0.32514447699652776, "step": 8430, "elapsed_min": 97.54, "lr": 0.0007794774691554569, "loss": 0.04072212085389254, "img_per_s": 1476.2359295770082, "mem_gb": [6.99, 6.99]}
PROGRESS {"progress": 0.3263120930989583, "step": 8460, "elapsed_min": 97.89, "lr": 0.0007779246556926961, "loss": 0.040717312494913734, "img_per_s": 1475.497900895871, "mem_gb": [6.99, 6.99]}
PROGRESS {"progress": 0.3274745008680556, "step": 8490, "elapsed_min": 98.24, "lr": 0.0007763749079308059, "loss": 0.04070590488494388, "img_per_s": 1475.1501258087726, "mem_gb": [6.99, 6.99]}
PROGRESS {"progress": 0.3286358235677083, "step": 8520, "elapsed_min": 98.59, "lr": 0.000774822781479109, "loss": 0.04071157339847449, "img_per_s": 1474.8956314056375, "mem_gb": [6.99, 6.99]}
PROGRESS {"progress": 0.32979825846354166, "step": 8550, "elapsed_min": 98.94, "lr": 0.0007732653610791945, "loss": 0.040709313102390454, "img_per_s": 1474.2437281220537, "mem_gb": [6.99, 6.99]}
PROGRESS {"progress": 0.3309377712673611, "step": 8580, "elapsed_min": 99.28, "lr": 0.0007717349749803259, "loss": 0.04072117805480957, "img_per_s": 1475.5556316465302, "mem_gb": [6.99, 6.99]}
PROGRESS {"progress": 0.33209969075520834, "step": 8610, "elapsed_min": 99.63, "lr": 0.0007701707696334715, "loss": 0.040708122253417967, "img_per_s": 1475.282047416728, "mem_gb": [6.99, 6.99]}
PROGRESS {"progress": 0.33325870768229165, "step": 8640, "elapsed_min": 99.98, "lr": 0.0007686067443863965, "loss": 0.04071741104125977, "img_per_s": 1475.176119972027, "mem_gb": [6.99, 6.99]}
PROGRESS {"progress": 0.3344215494791667, "step": 8670, "elapsed_min": 100.33, "lr": 0.0007670338382544401, "loss": 0.04070711960027247, "img_per_s": 1474.8952336963484, "mem_gb": [6.99, 6.99]}
PROGRESS {"progress": 0.33555018446180557, "step": 8700, "elapsed_min": 100.67, "lr": 0.0007655036594993049, "loss": 0.04070291519165039, "img_per_s": 1476.1963772651459, "mem_gb": [6.99, 6.99]}
ROUND {"round": 9, "elapsed_min": 101.01, "step": 8730, "epoch": 229, "train_loss": 0.040696720693303254, "train_psnr_rgb": 31.83114673132184, "lr": 0.0007639227376802293, "img_per_s": 1475.8740838226554, "mem_gb": [6.99, 6.99], "util_pct": [100.0, 100.0], "val_psnr_y": 33.24562072753906, "val_ssim_y": 0.880999743938446, "val_bicubic_psnr_y": 31.562559127807617, "best_val_psnr_y": 33.24562072753906}
/usr/local/lib/python3.13/dist-packages/torch/distributed/c10d_logger.py:83: UserWarning: barrier(): using the device under current context. You can specify `device_id` in `init_process_group` to mute this warning.
  return func(*args, **kwargs)
PROGRESS {"progress": 0.33671356879340275, "step": 8730, "elapsed_min": 101.01, "lr": 0.0007639227376802293, "loss": 0.0, "img_per_s": 0.0, "mem_gb": [6.99, 6.99]}
PROGRESS {"progress": 0.33800594075520835, "step": 8760, "elapsed_min": 101.4, "lr": 0.0007621622398613631, "loss": 0.040573275089263915, "img_per_s": 1471.4816617556949, "mem_gb": [6.99, 6.99]}
PROGRESS {"progress": 0.3391720106336806, "step": 8790, "elapsed_min": 101.75, "lr": 0.0007605699384284097, "loss": 0.04078736702601115, "img_per_s": 1467.5293992027275, "mem_gb": [6.99, 6.99]}
PROGRESS {"progress": 0.3403359646267361, "step": 8820, "elapsed_min": 102.1, "lr": 0.0007589769021562514, "loss": 0.04062924120161268, "img_per_s": 1467.1086189907858, "mem_gb": [6.99, 6.99]}
PROGRESS {"progress": 0.3414654134114583, "step": 8850, "elapsed_min": 102.44, "lr": 0.0007574276507341237, "loss": 0.04065783023834228, "img_per_s": 1477.8636477002929, "mem_gb": [6.99, 6.99]}
PROGRESS {"progress": 0.34262801106770835, "step": 8880, "elapsed_min": 102.79, "lr": 0.0007558294117298819, "loss": 0.04077727953592936, "img_per_s": 1475.876356453238, "mem_gb": [6.99, 6.99]}
PROGRESS {"progress": 0.34379120551215275, "step": 8910, "elapsed_min": 103.14, "lr": 0.0007542268030292365, "loss": 0.040599425633748375, "img_per_s": 1474.4215676848044, "mem_gb": [6.99, 6.99]}
PROGRESS {"progress": 0.3449568956163194, "step": 8940, "elapsed_min": 103.49, "lr": 0.0007526172166351028, "loss": 0.040629818325950987, "img_per_s": 1472.9350482825155, "mem_gb": [6.99, 6.99]}
PROGRESS {"progress": 0.3461227756076389, "step": 8970, "elapsed_min": 103.84, "lr": 0.0007510038465925561, "loss": 0.04063560167948405, "img_per_s": 1471.789261018166, "mem_gb": [6.99, 6.99]}
PROGRESS {"progress": 0.3472548285590278, "step": 9000, "elapsed_min": 104.18, "lr": 0.0007494339385468122, "loss": 0.04065656308774595, "img_per_s": 1475.689768686053, "mem_gb": [6.99, 6.99]}
PROGRESS {"progress": 0.34841351996527775, "step": 9030, "elapsed_min": 104.52, "lr": 0.0007478236939551402, "loss": 0.040663849512736, "img_per_s": 1475.4089573065578, "mem_gb": [6.99, 6.99]}
PROGRESS {"progress": 0.34957533094618054, "step": 9060, "elapsed_min": 104.87, "lr": 0.0007462056879783714, "loss": 0.04062465031941732, "img_per_s": 1474.8214165641507, "mem_gb": [6.99, 6.99]}
PROGRESS {"progress": 0.3507382269965278, "step": 9090, "elapsed_min": 105.22, "lr": 0.0007445827578369717, "loss": 0.04060633977254232, "img_per_s": 1474.217380721064, "mem_gb": [6.99, 6.99]}
PROGRESS {"progress": 0.35189244249131946, "step": 9120, "elapsed_min": 105.57, "lr": 0.0007429685879737721, "loss": 0.04058402379353841, "img_per_s": 1474.0862585489788, "mem_gb": [6.99, 6.99]}
PROGRESS {"progress": 0.35302766927083334, "step": 9150, "elapsed_min": 105.91, "lr": 0.0007413777356420191, "loss": 0.04058171680995396, "img_per_s": 1476.5829895391562, "mem_gb": [6.99, 6.99]}
PROGRESS {"progress": 0.35419002278645834, "step": 9180, "elapsed_min": 106.26, "lr": 0.000739745563988165, "loss": 0.0405763668484158, "img_per_s": 1476.0216501686168, "mem_gb": [6.99, 6.99]}
PROGRESS {"progress": 0.35534700520833334, "step": 9210, "elapsed_min": 106.6, "lr": 0.0007381176356004008, "loss": 0.04058931668599446, "img_per_s": 1475.9642975951053, "mem_gb": [6.99, 6.99]}
PROGRESS {"progress": 0.3565073513454861, "step": 9240, "elapsed_min": 106.95, "lr": 0.0007364816913292525, "loss": 0.04058980380787569, "img_per_s": 1475.6611358569003, "mem_gb": [6.99, 6.99]}
PROGRESS {"progress": 0.35764070638020834, "step": 9270, "elapsed_min": 107.29, "lr": 0.0007348806489111026, "loss": 0.04058482205426252, "img_per_s": 1477.3086666433655, "mem_gb": [6.99, 6.99]}
PROGRESS {"progress": 0.3588046332465278, "step": 9300, "elapsed_min": 107.64, "lr": 0.0007332331989953462, "loss": 0.04057573686566269, "img_per_s": 1476.7229356205153, "mem_gb": [6.99, 6.99]}
PROGRESS {"progress": 0.3599690483940972, "step": 9330, "elapsed_min": 107.99, "lr": 0.0007315818158306097, "loss": 0.040577513376871745, "img_per_s": 1476.1683102185516, "mem_gb": [6.99, 6.99]}
PROGRESS {"progress": 0.3611297200520833, "step": 9360, "elapsed_min": 108.34, "lr": 0.0007299325374020289, "loss": 0.04055034395248171, "img_per_s": 1475.8926585036759, "mem_gb": [6.99, 6.99]}
PROGRESS {"progress": 0.36229158528645833, "step": 9390, "elapsed_min": 108.69, "lr": 0.000728278381749858, "loss": 0.04054041486797911, "img_per_s": 1475.5740470175128, "mem_gb": [6.99, 6.99]}
PROGRESS {"progress": 0.3634232584635417, "step": 9420, "elapsed_min": 109.03, "lr": 0.0007266641727669977, "loss": 0.040533441737078235, "img_per_s": 1476.9599756931368, "mem_gb": [6.99, 6.99]}
PROGRESS {"progress": 0.3645853678385417, "step": 9450, "elapsed_min": 109.38, "lr": 0.0007250034523432202, "loss": 0.040530006090799965, "img_per_s": 1476.607150175329, "mem_gb": [6.99, 6.99]}
PROGRESS {"progress": 0.3657506781684028, "step": 9480, "elapsed_min": 109.73, "lr": 0.0007233350289481067, "loss": 0.04053584289550781, "img_per_s": 1476.1214148617462, "mem_gb": [6.99, 6.99]}
PROGRESS {"progress": 0.3669186197916667, "step": 9510, "elapsed_min": 110.08, "lr": 0.0007216597180316655, "loss": 0.040520083598601514, "img_per_s": 1475.5440772191512, "mem_gb": [6.99, 6.99]}
PROGRESS {"progress": 0.36807967122395835, "step": 9540, "elapsed_min": 110.42, "lr": 0.0007199912175904997, "loss": 0.04052087760265963, "img_per_s": 1475.3359856468423, "mem_gb": [6.99, 6.99]}
PROGRESS {"progress": 0.36921625434027777, "step": 9570, "elapsed_min": 110.76, "lr": 0.0007183549342163625, "loss": 0.04052873793102446, "img_per_s": 1476.2584885248589, "mem_gb": [6.99, 6.99]}
ROUND {"round": 10, "elapsed_min": 111.11, "step": 9600, "epoch": 252, "train_loss": 0.04056585903825431, "train_psnr_rgb": 31.87169989224138, "lr": 0.0007166720983077426, "img_per_s": 1475.7839333166985, "mem_gb": [6.99, 6.99], "util_pct": [100.0, 100.0], "val_psnr_y": 33.281517028808594, "val_ssim_y": 0.8815359473228455, "val_bicubic_psnr_y": 31.562559127807617, "best_val_psnr_y": 33.281517028808594}
/usr/local/lib/python3.13/dist-packages/torch/distributed/c10d_logger.py:83: UserWarning: barrier(): using the device under current context. You can specify `device_id` in `init_process_group` to mute this warning.
  return func(*args, **kwargs)
PROGRESS {"progress": 0.3703830837673611, "step": 9600, "elapsed_min": 111.11, "lr": 0.0007166720983077426, "loss": 0.0, "img_per_s": 0.0, "mem_gb": [6.99, 6.99]}
PROGRESS {"progress": 0.3716777886284722, "step": 9630, "elapsed_min": 111.5, "lr": 0.0007148012977547563, "loss": 0.04028948148091634, "img_per_s": 1467.7467612357668, "mem_gb": [6.99, 6.99]}
PROGRESS {"progress": 0.3728407660590278, "step": 9660, "elapsed_min": 111.85, "lr": 0.0007131176902202348, "loss": 0.04059118429819743, "img_per_s": 1467.610092723822, "mem_gb": [6.99, 6.99]}
PROGRESS {"progress": 0.37400520833333334, "step": 9690, "elapsed_min": 112.2, "lr": 0.0007114290012846087, "loss": 0.04062318272060818, "img_per_s": 1467.1191709840234, "mem_gb": [6.99, 6.99]}
PROGRESS {"progress": 0.3751415744357639, "step": 9720, "elapsed_min": 112.54, "lr": 0.000709778194897975, "loss": 0.040643747647603354, "img_per_s": 1475.5471194309546, "mem_gb": [6.99, 6.99]}
PROGRESS {"progress": 0.37630365668402777, "step": 9750, "elapsed_min": 112.89, "lr": 0.0007080871584840698, "loss": 0.0405288283030192, "img_per_s": 1474.149072173577, "mem_gb": [6.99, 6.99]}
PROGRESS {"progress": 0.37746481662326387, "step": 9780, "elapsed_min": 113.24, "lr": 0.0007063945867620329, "loss": 0.04052641921573215, "img_per_s": 1473.4229062863192, "mem_gb": [6.99, 6.99]}
PROGRESS {"progress": 0.37862044270833334, "step": 9810, "elapsed_min": 113.59, "lr": 0.0007047072489887545, "loss": 0.04055918738955543, "img_per_s": 1473.9075188455697, "mem_gb": [6.99, 6.99]}
PROGRESS {"progress": 0.37975206163194447, "step": 9840, "elapsed_min": 113.93, "lr": 0.0007030522482641299, "loss": 0.040506192048390705, "img_per_s": 1478.108630144911, "mem_gb": [6.99, 6.99]}
PROGRESS {"progress": 0.3809192708333333, "step": 9870, "elapsed_min": 114.28, "lr": 0.0007013424041403666, "loss": 0.04050560350771303, "img_per_s": 1476.318540338327, "mem_gb": [6.99, 6.99]}
PROGRESS {"progress": 0.38208148871527775, "step": 9900, "elapsed_min": 114.62, "lr": 0.0006996370778746078, "loss": 0.0405097770690918, "img_per_s": 1475.5256124779678, "mem_gb": [6.99, 6.99]}
PROGRESS {"progress": 0.38324256727430556, "step": 9930, "elapsed_min": 114.97, "lr": 0.0006979306631658906, "loss": 0.040489341273452294, "img_per_s": 1475.0123360456043, "mem_gb": [6.99, 6.99]}
PROGRESS {"progress": 0.3844047580295139, "step": 9960, "elapsed_min": 115.32, "lr": 0.0006962198747865614, "loss": 0.04052603244781494, "img_per_s": 1474.468191653983, "mem_gb": [6.99, 6.99]}
PROGRESS {"progress": 0.38553382703993055, "step": 9990, "elapsed_min": 115.66, "lr": 0.0006945552410036523, "loss": 0.04055014390211839, "img_per_s": 1477.2609744770195, "mem_gb": [6.99, 6.99]}
PROGRESS {"progress": 0.3866864420572917, "step": 10020, "elapsed_min": 116.01, "lr": 0.0006928532702125847, "loss": 0.04050911040533157, "img_per_s": 1477.501621645936, "mem_gb": [6.99, 6.99]}
PROGRESS {"progress": 0.38784385850694447, "step": 10050, "elapsed_min": 116.35, "lr": 0.0006911415670218971, "loss": 0.04048937479654948, "img_per_s": 1477.3101692310877, "mem_gb": [6.99, 6.99]}
PROGRESS {"progress": 0.38900032552083336, "step": 10080, "elapsed_min": 116.7, "lr": 0.0006894286466893576, "loss": 0.04047881364822388, "img_per_s": 1477.2088696870273, "mem_gb": [6.99, 6.99]}
PROGRESS {"progress": 0.39015684678819446, "step": 10110, "elapsed_min": 117.05, "lr": 0.0006877130491780185, "loss": 0.04049421572217754, "img_per_s": 1477.1168157945947, "mem_gb": [6.99, 6.99]}
PROGRESS {"progress": 0.391290771484375, "step": 10140, "elapsed_min": 117.39, "lr": 0.000686028473167785, "loss": 0.040510212933575665, "img_per_s": 1478.6467360026081, "mem_gb": [6.99, 6.99]}
PROGRESS {"progress": 0.39245732964409724, "step": 10170, "elapsed_min": 117.74, "lr": 0.000684292858294569, "loss": 0.040495019210012334, "img_per_s": 1477.8117623165406, "mem_gb": [6.99, 6.99]}
PROGRESS {"progress": 0.3936233995225694, "step": 10200, "elapsed_min": 118.09, "lr": 0.0006825554011726093, "loss": 0.0405001958211263, "img_per_s": 1477.0949445181375, "mem_gb": [6.99, 6.99]}
PROGRESS {"progress": 0.3947906087239583, "step": 10230, "elapsed_min": 118.44, "lr": 0.0006808136988265096, "loss": 0.04049121311732701, "img_per_s": 1476.3777316709177, "mem_gb": [6.99, 6.99]}
PROGRESS {"progress": 0.3959578450520833, "step": 10260, "elapsed_min": 118.79, "lr": 0.0006790694314268022, "loss": 0.040494378407796225, "img_per_s": 1475.7464935092812, "mem_gb": [6.99, 6.99]}
PROGRESS {"progress": 0.3970940755208333, "step": 10290, "elapsed_min": 119.13, "lr": 0.0006773690961874045, "loss": 0.04050636291503906, "img_per_s": 1476.854278377686, "mem_gb": [6.99, 6.99]}
PROGRESS {"progress": 0.39825453016493056, "step": 10320, "elapsed_min": 119.48, "lr": 0.0006756300882158293, "loss": 0.040504982736375594, "img_per_s": 1476.580076355901, "mem_gb": [6.99, 6.99]}
PROGRESS {"progress": 0.39942182074652777, "step": 10350, "elapsed_min": 119.83, "lr": 0.000673878391171207, "loss": 0.04049109649658203, "img_per_s": 1476.0067972407292, "mem_gb": [6.99, 6.99]}
PROGRESS {"progress": 0.4005862358940972, "step": 10380, "elapsed_min": 120.18, "lr": 0.0006721285903677279, "loss": 0.04048145000751202, "img_per_s": 1475.6069439130333, "mem_gb": [6.99, 6.99]}
PROGRESS {"progress": 0.4017187228732639, "step": 10410, "elapsed_min": 120.52, "lr": 0.0006704244748036081, "loss": 0.04053407833899981, "img_per_s": 1476.7473937702814, "mem_gb": [6.99, 6.99]}
PROGRESS {"progress": 0.40287494574652777, "step": 10440, "elapsed_min": 120.86, "lr": 0.000668682332196994, "loss": 0.04053968247913179, "img_per_s": 1476.7231132964143, "mem_gb": [6.99, 6.99]}
ROUND {"round": 11, "elapsed_min": 121.21, "step": 10470, "epoch": 275, "train_loss": 0.04050452133704876, "train_psnr_rgb": 31.888465337643677, "lr": 0.000666937838111441, "img_per_s": 1476.6983715461756, "mem_gb": [6.99, 6.99], "util_pct": [80.0, 100.0], "val_psnr_y": 33.313621520996094, "val_ssim_y": 0.8820157647132874, "val_bicubic_psnr_y": 31.562559127807617, "best_val_psnr_y": 33.313621520996094}
/usr/local/lib/python3.13/dist-packages/torch/distributed/c10d_logger.py:83: UserWarning: barrier(): using the device under current context. You can specify `device_id` in `init_process_group` to mute this warning.
  return func(*args, **kwargs)
PROGRESS {"progress": 0.4040311957465278, "step": 10470, "elapsed_min": 121.21, "lr": 0.000666937838111441, "loss": 0.0, "img_per_s": 0.0, "mem_gb": [6.99, 6.99]}
PROGRESS {"progress": 0.40532261827256943, "step": 10500, "elapsed_min": 121.6, "lr": 0.0006649867000818026, "loss": 0.040112253030141196, "img_per_s": 1470.2012904027029, "mem_gb": [6.99, 6.99]}
PROGRESS {"progress": 0.40647900390625, "step": 10530, "elapsed_min": 121.94, "lr": 0.0006632371883791749, "loss": 0.04039063851038615, "img_per_s": 1473.0199663460676, "mem_gb": [6.99, 6.99]}
PROGRESS {"progress": 0.4076143663194444, "step": 10560, "elapsed_min": 122.28, "lr": 0.0006615173071221309, "loss": 0.040560012393527564, "img_per_s": 1482.953767003827, "mem_gb": [6.99, 6.99]}
PROGRESS {"progress": 0.4087809516059028, "step": 10590, "elapsed_min": 122.63, "lr": 0.0006597479069489541, "loss": 0.04043761094411214, "img_per_s": 1477.899723906501, "mem_gb": [6.99, 6.99]}
PROGRESS {"progress": 0.4099465603298611, "step": 10620, "elapsed_min": 122.98, "lr": 0.0006579777635784698, "loss": 0.04042184829711914, "img_per_s": 1475.1415752863406, "mem_gb": [6.99, 6.99]}
PROGRESS {"progress": 0.4111120334201389, "step": 10650, "elapsed_min": 123.33, "lr": 0.00065620562783989, "loss": 0.0403849548763699, "img_per_s": 1473.3281789641105, "mem_gb": [6.99, 6.99]}
PROGRESS {"progress": 0.41227395290798613, "step": 10680, "elapsed_min": 123.68, "lr": 0.0006544367318813978, "loss": 0.04044421513875326, "img_per_s": 1472.6840462591845, "mem_gb": [6.99, 6.99]}
PROGRESS {"progress": 0.4134034288194444, "step": 10710, "elapsed_min": 124.02, "lr": 0.0006527151804303842, "loss": 0.040403203169504805, "img_per_s": 1477.372833756565, "mem_gb": [6.99, 6.99]}
PROGRESS {"progress": 0.4145606553819444, "step": 10740, "elapsed_min": 124.37, "lr": 0.0006509492618443683, "loss": 0.04038130089088723, "img_per_s": 1477.0825530013583, "mem_gb": [6.99, 6.99]}
PROGRESS {"progress": 0.4157173394097222, "step": 10770, "elapsed_min": 124.72, "lr": 0.000649182102120218, "loss": 0.04037454922993978, "img_per_s": 1476.92158885406, "mem_gb": [6.99, 6.99]}
PROGRESS {"progress": 0.4168738606770833, "step": 10800, "elapsed_min": 125.06, "lr": 0.0006474131472327066, "loss": 0.04041202718561346, "img_per_s": 1476.811007200591, "mem_gb": [6.99, 6.99]}
PROGRESS {"progress": 0.4180324435763889, "step": 10830, "elapsed_min": 125.41, "lr": 0.0006456390142258275, "loss": 0.040403972731696235, "img_per_s": 1475.6651177730837, "mem_gb": [6.99, 6.99]}
PROGRESS {"progress": 0.41917222764756945, "step": 10860, "elapsed_min": 125.75, "lr": 0.0006438917140201899, "loss": 0.04040379646496895, "img_per_s": 1478.0863107482382, "mem_gb": [6.99, 6.99]}
PROGRESS {"progress": 0.42033349609375, "step": 10890, "elapsed_min": 126.1, "lr": 0.0006421095094127346, "loss": 0.04038528260730562, "img_per_s": 1477.4778566879418, "mem_gb": [6.99, 6.99]}
PROGRESS {"progress": 0.42149669053819444, "step": 10920, "elapsed_min": 126.45, "lr": 0.0006403223816168368, "loss": 0.04038978152804905, "img_per_s": 1476.7888490236192, "mem_gb": [6.99, 6.99]}
PROGRESS {"progress": 0.422661865234375, "step": 10950, "elapsed_min": 126.8, "lr": 0.0006385302622719469, "loss": 0.04040625095367432, "img_per_s": 1476.0294469171806, "mem_gb": [6.99, 6.99]}
PROGRESS {"progress": 0.4237958170572917, "step": 10980, "elapsed_min": 127.14, "lr": 0.0006367843166020478, "loss": 0.040372186548569625, "img_per_s": 1477.7089610931707, "mem_gb": [6.99, 6.99]}
PROGRESS {"progress": 0.4249567599826389, "step": 11010, "elapsed_min": 127.49, "lr": 0.0006349949472425831, "loss": 0.04037121313589591, "img_per_s": 1477.279480273618, "mem_gb": [6.99, 6.99]}
PROGRESS {"progress": 0.42611257595486113, "step": 11040, "elapsed_min": 127.83, "lr": 0.000633211629540209, "loss": 0.040389522753263775, "img_per_s": 1477.242956876724, "mem_gb": [6.99, 6.99]}
PROGRESS {"progress": 0.4272716200086806, "step": 11070, "elapsed_min": 128.18, "lr": 0.0006314215016505458, "loss": 0.040383710861206054, "img_per_s": 1477.0048135924746, "mem_gb": [6.99, 6.99]}
PROGRESS {"progress": 0.42842833116319445, "step": 11100, "elapsed_min": 128.53, "lr": 0.0006296331749137249, "loss": 0.04038047185019841, "img_per_s": 1476.9300454695033, "mem_gb": [6.99, 6.99]}
PROGRESS {"progress": 0.42956092664930556, "step": 11130, "elapsed_min": 128.87, "lr": 0.0006278804114869202, "loss": 0.040391705252907494, "img_per_s": 1478.2667053799194, "mem_gb": [6.99, 6.99]}
PROGRESS {"progress": 0.43072276475694443, "step": 11160, "elapsed_min": 129.22, "lr": 0.00062608064867255, "loss": 0.040392582658408345, "img_per_s": 1477.8563285351752, "mem_gb": [6.99, 6.99]}
PROGRESS {"progress": 0.4318799370659722, "step": 11190, "elapsed_min": 129.56, "lr": 0.0006242863818785447, "loss": 0.04040369987487793, "img_per_s": 1477.7315648261238, "mem_gb": [6.99, 6.99]}
PROGRESS {"progress": 0.43303941514756944, "step": 11220, "elapsed_min": 129.91, "lr": 0.000622486831366656, "loss": 0.040415074666341144, "img_per_s": 1477.498598305843, "mem_gb": [6.99, 6.99]}
PROGRESS {"progress": 0.43420513237847225, "step": 11250, "elapsed_min": 130.26, "lr": 0.0006206758985637057, "loss": 0.04041276344886193, "img_per_s": 1476.9766342977373, "mem_gb": [6.99, 6.99]}
PROGRESS {"progress": 0.4353409830729167, "step": 11280, "elapsed_min": 130.6, "lr": 0.0006189097487064236, "loss": 0.040402405350296586, "img_per_s": 1477.9099859298008, "mem_gb": [6.99, 6.99]}
PROGRESS {"progress": 0.436498779296875, "step": 11310, "elapsed_min": 130.95, "lr": 0.000617107859889494, "loss": 0.040398997352236794, "img_per_s": 1477.7708084994686, "mem_gb": [6.99, 6.99]}
ROUND {"round": 12, "elapsed_min": 131.3, "step": 11340, "epoch": 298, "train_loss": 0.04034475129226158, "train_psnr_rgb": 31.931705729166666, "lr": 0.0006152902029388597, "img_per_s": 1477.2412086422787, "mem_gb": [6.99, 6.99], "util_pct": [100.0, 99.0], "val_psnr_y": 33.34286117553711, "val_ssim_y": 0.8824769258499146, "val_bicubic_psnr_y": 31.562559127807617, "best_val_psnr_y": 33.34286117553711}
/usr/local/lib/python3.13/dist-packages/torch/distributed/c10d_logger.py:83: UserWarning: barrier(): using the device under current context. You can specify `device_id` in `init_process_group` to mute this warning.
  return func(*args, **kwargs)
PROGRESS {"progress": 0.43766566297743054, "step": 11340, "elapsed_min": 131.3, "lr": 0.0006152902029388597, "loss": 0.0, "img_per_s": 0.0, "mem_gb": [6.99, 6.99]}
PROGRESS {"progress": 0.43895450846354167, "step": 11370, "elapsed_min": 131.69, "lr": 0.0006132807000566115, "loss": 0.0409252127011617, "img_per_s": 1473.6197905042236, "mem_gb": [6.99, 6.99]}
PROGRESS {"progress": 0.44010584852430557, "step": 11400, "elapsed_min": 132.03, "lr": 0.0006114839595771195, "loss": 0.04060976505279541, "img_per_s": 1474.4285357842211, "mem_gb": [6.99, 6.99]}
PROGRESS {"progress": 0.4412423502604167, "step": 11430, "elapsed_min": 132.37, "lr": 0.0006097088923891038, "loss": 0.04051223595937093, "img_per_s": 1485.7968659099113, "mem_gb": [6.99, 6.99]}
PROGRESS {"progress": 0.4424071994357639, "step": 11460, "elapsed_min": 132.72, "lr": 0.0006078880461325303, "loss": 0.04047882159550985, "img_per_s": 1480.5644262518952, "mem_gb": [6.99, 6.99]}
PROGRESS {"progress": 0.44356822374131943, "step": 11490, "elapsed_min": 133.07, "lr": 0.0006060716886851871, "loss": 0.04047886848449707, "img_per_s": 1478.433021451927, "mem_gb": [6.99, 6.99]}
PROGRESS {"progress": 0.4447255859375, "step": 11520, "elapsed_min": 133.42, "lr": 0.0006042596048512495, "loss": 0.0404406468073527, "img_per_s": 1477.796295754093, "mem_gb": [6.99, 6.99]}
PROGRESS {"progress": 0.4458556857638889, "step": 11550, "elapsed_min": 133.76, "lr": 0.0006024888273517518, "loss": 0.04050494148617699, "img_per_s": 1482.345043505149, "mem_gb": [6.99, 6.99]}
PROGRESS {"progress": 0.44702818467881944, "step": 11580, "elapsed_min": 134.11, "lr": 0.0006006501993067743, "loss": 0.04045387903849284, "img_per_s": 1478.938346555085, "mem_gb": [6.99, 6.99]}
PROGRESS {"progress": 0.4481943088107639, "step": 11610, "elapsed_min": 134.46, "lr": 0.0005988201643133854, "loss": 0.04043301123159903, "img_per_s": 1477.2140590805666, "mem_gb": [6.99, 6.99]}
PROGRESS {"progress": 0.4493498806423611, "step": 11640, "elapsed_min": 134.8, "lr": 0.00059700533391528, "loss": 0.04041466077168782, "img_per_s": 1477.1806325169628, "mem_gb": [6.99, 6.99]}
PROGRESS {"progress": 0.45050189887152775, "step": 11670, "elapsed_min": 135.15, "lr": 0.0005951947662236901, "loss": 0.04041299241961855, "img_per_s": 1477.566957162528, "mem_gb": [6.99, 6.99]}
PROGRESS {"progress": 0.4516328667534722, "step": 11700, "elapsed_min": 135.49, "lr": 0.0005934160258223622, "loss": 0.04041944874657525, "img_per_s": 1480.1433949563177, "mem_gb": [6.99, 6.99]}
PROGRESS {"progress": 0.45279649522569443, "step": 11730, "elapsed_min": 135.84, "lr": 0.0005915846436448381, "loss": 0.04042265476324619, "img_per_s": 1479.0980933059623, "mem_gb": [6.99, 6.99]}
PROGRESS {"progress": 0.4539622395833333, "step": 11760, "elapsed_min": 136.19, "lr": 0.0005897486605064155, "loss": 0.04040590467907133, "img_per_s": 1478.009795945638, "mem_gb": [6.99, 6.99]}
PROGRESS {"progress": 0.45512483723958336, "step": 11790, "elapsed_min": 136.54, "lr": 0.0005879163918741308, "loss": 0.04038153330485026, "img_per_s": 1477.3347455560975, "mem_gb": [6.99, 6.99]}
PROGRESS {"progress": 0.45629177517361114, "step": 11820, "elapsed_min": 136.89, "lr": 0.0005860760619088596, "loss": 0.04038262367248535, "img_per_s": 1476.4026750090736, "mem_gb": [6.99, 6.99]}
PROGRESS {"progress": 0.45742485894097223, "step": 11850, "elapsed_min": 137.23, "lr": 0.000584287975779357, "loss": 0.04037114685656978, "img_per_s": 1478.1248545283993, "mem_gb": [6.99, 6.99]}
PROGRESS {"progress": 0.4585874565972222, "step": 11880, "elapsed_min": 137.58, "lr": 0.0005824521658113177, "loss": 0.0403509811118797, "img_per_s": 1477.5538148079768, "mem_gb": [6.99, 6.99]}
PROGRESS {"progress": 0.4597508138020833, "step": 11910, "elapsed_min": 137.93, "lr": 0.0005806140170358375, "loss": 0.040348073055869654, "img_per_s": 1476.9953560834595, "mem_gb": [6.99, 6.99]}
PROGRESS {"progress": 0.4609066840277778, "step": 11940, "elapsed_min": 138.27, "lr": 0.0005787865944043545, "loss": 0.04033298810323079, "img_per_s": 1476.9715550776625, "mem_gb": [6.99, 6.99]}
PROGRESS {"progress": 0.46206418185763887, "step": 11970, "elapsed_min": 138.62, "lr": 0.000576955521420806, "loss": 0.04032662104046534, "img_per_s": 1476.488882298922, "mem_gb": [6.99, 6.99]}
PROGRESS {"progress": 0.46320345052083334, "step": 12000, "elapsed_min": 138.96, "lr": 0.0005751522575117498, "loss": 0.040304918000192355, "img_per_s": 1477.8037952792818, "mem_gb": [6.99, 6.99]}
PROGRESS {"progress": 0.4643665364583333, "step": 12030, "elapsed_min": 139.31, "lr": 0.0005733102680036843, "loss": 0.040295316170955046, "img_per_s": 1477.34496503348, "mem_gb": [6.99, 6.99]}
PROGRESS {"progress": 0.4655329318576389, "step": 12060, "elapsed_min": 139.66, "lr": 0.0005714620207787632, "loss": 0.04030217329661052, "img_per_s": 1476.7494670982612, "mem_gb": [6.99, 6.99]}
PROGRESS {"progress": 0.46669873046875, "step": 12090, "elapsed_min": 140.01, "lr": 0.0005696137278485446, "loss": 0.040292989095052086, "img_per_s": 1476.232428123813, "mem_gb": [6.99, 6.99]}
PROGRESS {"progress": 0.46783430989583336, "step": 12120, "elapsed_min": 140.35, "lr": 0.0005678124170432917, "loss": 0.04029222635122446, "img_per_s": 1477.2432430824483, "mem_gb": [6.99, 6.99]}
PROGRESS {"progress": 0.46899430338541664, "step": 12150, "elapsed_min": 140.7, "lr": 0.0005659714586538459, "loss": 0.0402913976598669, "img_per_s": 1477.0196121277863, "mem_gb": [6.99, 6.99]}
PROGRESS {"progress": 0.4701624348958333, "step": 12180, "elapsed_min": 141.05, "lr": 0.0005641166700573589, "loss": 0.04029597327822731, "img_per_s": 1476.4409582700737, "mem_gb": [6.99, 6.99]}
ROUND {"round": 13, "elapsed_min": 141.4, "step": 12210, "epoch": 321, "train_loss": 0.04029004327182112, "train_psnr_rgb": 31.94862158764368, "lr": 0.0005622741790000589, "img_per_s": 1476.2706701103223, "mem_gb": [6.99, 6.99], "util_pct": [100.0, 99.0], "val_psnr_y": 33.366615295410156, "val_ssim_y": 0.8828296661376953, "val_bicubic_psnr_y": 31.562559127807617, "best_val_psnr_y": 33.366615295410156}
/usr/local/lib/python3.13/dist-packages/torch/distributed/c10d_logger.py:83: UserWarning: barrier(): using the device under current context. You can specify `device_id` in `init_process_group` to mute this warning.
  return func(*args, **kwargs)
PROGRESS {"progress": 0.471322265625, "step": 12210, "elapsed_min": 141.4, "lr": 0.0005622741790000589, "loss": 0.0, "img_per_s": 0.0, "mem_gb": [6.99, 6.99]}
PROGRESS {"progress": 0.472615234375, "step": 12240, "elapsed_min": 141.78, "lr": 0.0005602191812333241, "loss": 0.04012634754180908, "img_per_s": 1470.7458868369022, "mem_gb": [6.99, 6.99]}
PROGRESS {"progress": 0.47374696180555553, "step": 12270, "elapsed_min": 142.12, "lr": 0.0005584196113482781, "loss": 0.040288543701171874, "img_per_s": 1489.163099394662, "mem_gb": [6.99, 6.99]}
PROGRESS {"progress": 0.4749106987847222, "step": 12300, "elapsed_min": 142.47, "lr": 0.0005565683480254496, "loss": 0.04035623868306478, "img_per_s": 1481.524006041981, "mem_gb": [6.99, 6.99]}
PROGRESS {"progress": 0.4760769314236111, "step": 12330, "elapsed_min": 142.82, "lr": 0.0005547123318107862, "loss": 0.04030600388844808, "img_per_s": 1476.9585392228928, "mem_gb": [6.99, 6.99]}
PROGRESS {"progress": 0.4772380099826389, "step": 12360, "elapsed_min": 143.17, "lr": 0.0005528637653699103, "loss": 0.04030563354492187, "img_per_s": 1475.536847450856, "mem_gb": [6.99, 6.99]}
PROGRESS {"progress": 0.4784065755208333, "step": 12390, "elapsed_min": 143.52, "lr": 0.0005510025464082407, "loss": 0.04029213057623969, "img_per_s": 1473.0109150254002, "mem_gb": [6.99, 6.99]}
PROGRESS {"progress": 0.47954258897569446, "step": 12420, "elapsed_min": 143.86, "lr": 0.0005491924947917962, "loss": 0.040279293060302736, "img_per_s": 1477.135462596002, "mem_gb": [6.99, 6.99]}
PROGRESS {"progress": 0.4807086588541667, "step": 12450, "elapsed_min": 144.21, "lr": 0.0005473338817792973, "loss": 0.040267014503479005, "img_per_s": 1475.425718045232, "mem_gb": [6.99, 6.99]}
PROGRESS {"progress": 0.4818639865451389, "step": 12480, "elapsed_min": 144.56, "lr": 0.000545491745387452, "loss": 0.04022829267713759, "img_per_s": 1475.621128063598, "mem_gb": [6.99, 6.99]}
PROGRESS {"progress": 0.4830223524305556, "step": 12510, "elapsed_min": 144.91, "lr": 0.0005436441451192726, "loss": 0.040237499872843425, "img_per_s": 1475.3918856758226, "mem_gb": [6.99, 6.99]}
PROGRESS {"progress": 0.48417757161458336, "step": 12540, "elapsed_min": 145.25, "lr": 0.000541800971334324, "loss": 0.04023378545587713, "img_per_s": 1475.511817346855, "mem_gb": [6.99, 6.99]}
PROGRESS {"progress": 0.4853102213541667, "step": 12570, "elapsed_min": 145.59, "lr": 0.0005399932574338176, "loss": 0.040239042705959745, "img_per_s": 1478.130063243455, "mem_gb": [6.99, 6.99]}
PROGRESS {"progress": 0.4864748263888889, "step": 12600, "elapsed_min": 145.94, "lr": 0.0005381340000672458, "loss": 0.040241119189140126, "img_per_s": 1477.1410385549648, "mem_gb": [6.99, 6.99]}
PROGRESS {"progress": 0.48763471137152775, "step": 12630, "elapsed_min": 146.29, "lr": 0.0005362817567260503, "loss": 0.04024897075834728, "img_per_s": 1476.731705575768, "mem_gb": [6.99, 6.99]}
PROGRESS {"progress": 0.48879193793402775, "step": 12660, "elapsed_min": 146.64, "lr": 0.0005344332656524273, "loss": 0.04023610009087457, "img_per_s": 1476.602489620032, "mem_gb": [6.99, 6.99]}
PROGRESS {"progress": 0.48992252604166664, "step": 12690, "elapsed_min": 146.98, "lr": 0.000532626874225053, "loss": 0.040225088596343994, "img_per_s": 1478.6195628305761, "mem_gb": [6.99, 6.99]}
PROGRESS {"progress": 0.49108430989583335, "step": 12720, "elapsed_min": 147.33, "lr": 0.0005307702005401284, "loss": 0.0402313232421875, "img_per_s": 1478.0475819370058, "mem_gb": [6.99, 6.99]}
PROGRESS {"progress": 0.49224457465277777, "step": 12750, "elapsed_min": 147.67, "lr": 0.0005289155355033188, "loss": 0.04022332297431098, "img_per_s": 1477.6528821636325, "mem_gb": [6.99, 6.99]}
PROGRESS {"progress": 0.4934111870659722, "step": 12780, "elapsed_min": 148.02, "lr": 0.0005270503275399772, "loss": 0.04021398979320861, "img_per_s": 1476.866883081892, "mem_gb": [6.99, 6.99]}
PROGRESS {"progress": 0.49457817925347225, "step": 12810, "elapsed_min": 148.37, "lr": 0.0005251841408671829, "loss": 0.0402125612894694, "img_per_s": 1476.140435818849, "mem_gb": [6.99, 6.99]}
PROGRESS {"progress": 0.49571142578125, "step": 12840, "elapsed_min": 148.71, "lr": 0.0005233715874457668, "loss": 0.040183754572792656, "img_per_s": 1477.5362870038923, "mem_gb": [6.99, 6.99]}
PROGRESS {"progress": 0.4968713107638889, "step": 12870, "elapsed_min": 149.06, "lr": 0.0005215161151815706, "loss": 0.04018478393554688, "img_per_s": 1477.2562222178074, "mem_gb": [6.99, 6.99]}
PROGRESS {"progress": 0.4980314670138889, "step": 12900, "elapsed_min": 149.41, "lr": 0.0005196599183143537, "loss": 0.04020143868266672, "img_per_s": 1476.9857222186017, "mem_gb": [6.99, 6.99]}
PROGRESS {"progress": 0.49919102647569447, "step": 12930, "elapsed_min": 149.76, "lr": 0.0005178044114639814, "loss": 0.040192895465426974, "img_per_s": 1476.769699982018, "mem_gb": [6.99, 6.99]}
PROGRESS {"progress": 0.5003564995659722, "step": 12960, "elapsed_min": 150.11, "lr": 0.0005159392008343166, "loss": 0.04019471740722656, "img_per_s": 1476.269594346129, "mem_gb": [6.99, 6.99]}
PROGRESS {"progress": 0.5014915364583333, "step": 12990, "elapsed_min": 150.45, "lr": 0.0005141224926056513, "loss": 0.04019804978981996, "img_per_s": 1477.3055087319776, "mem_gb": [6.99, 6.99]}
PROGRESS {"progress": 0.5026525065104167, "step": 13020, "elapsed_min": 150.8, "lr": 0.0005122640900968875, "loss": 0.04019048243393133, "img_per_s": 1477.0313826404088, "mem_gb": [6.99, 6.99]}
PROGRESS {"progress": 0.5038186306423611, "step": 13050, "elapsed_min": 151.15, "lr": 0.0005103972732891498, "loss": 0.04019515627906436, "img_per_s": 1476.5458275982917, "mem_gb": [6.99, 6.99]}
ROUND {"round": 14, "elapsed_min": 151.49, "step": 13080, "epoch": 344, "train_loss": 0.040221536570581896, "train_psnr_rgb": 31.96918552442529, "lr": 0.0005085379620422491, "img_per_s": 1476.3024659481052, "mem_gb": [6.99, 6.99], "util_pct": [100.0, 100.0], "val_psnr_y": 33.387325286865234, "val_ssim_y": 0.8831216096878052, "val_bicubic_psnr_y": 31.562559127807617, "best_val_psnr_y": 33.387325286865234}
/usr/local/lib/python3.13/dist-packages/torch/distributed/c10d_logger.py:83: UserWarning: barrier(): using the device under current context. You can specify `device_id` in `init_process_group` to mute this warning.
  return func(*args, **kwargs)
PROGRESS {"progress": 0.50497998046875, "step": 13080, "elapsed_min": 151.49, "lr": 0.0005085379620422491, "loss": 0.0, "img_per_s": 0.0, "mem_gb": [6.99, 6.99]}
PROGRESS {"progress": 0.5062754991319445, "step": 13110, "elapsed_min": 151.88, "lr": 0.0005064637173352893, "loss": 0.040289008617401124, "img_per_s": 1467.3471923632226, "mem_gb": [6.99, 6.99]}
PROGRESS {"progress": 0.5074105360243055, "step": 13140, "elapsed_min": 152.22, "lr": 0.0005046463329733598, "loss": 0.040260104338328044, "img_per_s": 1485.06449274467, "mem_gb": [6.99, 6.99]}
PROGRESS {"progress": 0.5085763888888889, "step": 13170, "elapsed_min": 152.57, "lr": 0.0005027795501494753, "loss": 0.040111692746480306, "img_per_s": 1477.9076233602025, "mem_gb": [6.99, 6.99]}
PROGRESS {"progress": 0.5097362738715278, "step": 13200, "elapsed_min": 152.92, "lr": 0.0005009222915556642, "loss": 0.040216501553853354, "img_per_s": 1476.2787848770797, "mem_gb": [6.99, 6.99]}
PROGRESS {"progress": 0.5109001193576389, "step": 13230, "elapsed_min": 153.27, "lr": 0.0004990586853914703, "loss": 0.040178985595703126, "img_per_s": 1474.29576685763, "mem_gb": [6.99, 6.99]}
PROGRESS {"progress": 0.5120321723090278, "step": 13260, "elapsed_min": 153.61, "lr": 0.0004972460060065086, "loss": 0.04008128378126356, "img_per_s": 1479.7496768169367, "mem_gb": [6.99, 6.99]}
PROGRESS {"progress": 0.5131908637152778, "step": 13290, "elapsed_min": 153.96, "lr": 0.000495390716848803, "loss": 0.0400896980648949, "img_per_s": 1478.7681520746678, "mem_gb": [6.99, 6.99]}
PROGRESS {"progress": 0.5143651801215278, "step": 13320, "elapsed_min": 154.31, "lr": 0.000493510481084682, "loss": 0.04010087251663208, "img_per_s": 1475.5330164055713, "mem_gb": [6.99, 6.99]}
PROGRESS {"progress": 0.5155281032986111, "step": 13350, "elapsed_min": 154.66, "lr": 0.0004916485849167323, "loss": 0.04012716787832755, "img_per_s": 1474.6451130375237, "mem_gb": [6.99, 6.99]}
PROGRESS {"progress": 0.5166886935763889, "step": 13380, "elapsed_min": 155.01, "lr": 0.0004897905464621344, "loss": 0.040131476720174156, "img_per_s": 1474.230377262751, "mem_gb": [6.99, 6.99]}
PROGRESS {"progress": 0.5178381076388889, "step": 13410, "elapsed_min": 155.35, "lr": 0.0004879505465135853, "loss": 0.04015406117294774, "img_per_s": 1475.1945146805454, "mem_gb": [6.99, 6.99]}
PROGRESS {"progress": 0.5190004340277777, "step": 13440, "elapsed_min": 155.7, "lr": 0.0004860900496710958, "loss": 0.0401447852452596, "img_per_s": 1474.612228568608, "mem_gb": [6.99, 6.99]}
PROGRESS {"progress": 0.5201651475694444, "step": 13470, "elapsed_min": 156.05, "lr": 0.0004842259324902878, "loss": 0.04015831091465094, "img_per_s": 1473.8919480876987, "mem_gb": [6.99, 6.99]}
PROGRESS {"progress": 0.5213292643229167, "step": 13500, "elapsed_min": 156.4, "lr": 0.00048236299715899195, "loss": 0.04018096923828125, "img_per_s": 1473.3325980580755, "mem_gb": [6.99, 6.99]}
PROGRESS {"progress": 0.5224917534722222, "step": 13530, "elapsed_min": 156.75, "lr": 0.0004805029185240259, "loss": 0.0401573732164171, "img_per_s": 1472.9827996665408, "mem_gb": [6.99, 6.99]}
PROGRESS {"progress": 0.5236232096354166, "step": 13560, "elapsed_min": 157.09, "lr": 0.0004786927616973964, "loss": 0.040187609195709226, "img_per_s": 1475.1495647686756, "mem_gb": [6.99, 6.99]}
PROGRESS {"progress": 0.5247809244791667, "step": 13590, "elapsed_min": 157.43, "lr": 0.0004768408921480842, "loss": 0.04017082663143382, "img_per_s": 1475.0893558856797, "mem_gb": [6.99, 6.99]}
PROGRESS {"progress": 0.5259408094618055, "step": 13620, "elapsed_min": 157.78, "lr": 0.0004749858780714812, "loss": 0.04014905293782552, "img_per_s": 1474.884396662631, "mem_gb": [6.99, 6.99]}
PROGRESS {"progress": 0.5270982530381945, "step": 13650, "elapsed_min": 158.13, "lr": 0.00047313512016844807, "loss": 0.040158736914919134, "img_per_s": 1474.8538206073554, "mem_gb": [6.99, 6.99]}
PROGRESS {"progress": 0.5282528211805556, "step": 13680, "elapsed_min": 158.48, "lr": 0.0004712893354134016, "loss": 0.04015245755513509, "img_per_s": 1474.988105192099, "mem_gb": [6.99, 6.99]}
PROGRESS {"progress": 0.5293895941840278, "step": 13710, "elapsed_min": 158.82, "lr": 0.0004694723902111003, "loss": 0.04015400598919581, "img_per_s": 1476.2634718994707, "mem_gb": [6.99, 6.99]}
PROGRESS {"progress": 0.5305563693576388, "step": 13740, "elapsed_min": 159.17, "lr": 0.000467607920180347, "loss": 0.04015615347659949, "img_per_s": 1475.640426202495, "mem_gb": [6.99, 6.99]}
PROGRESS {"progress": 0.5317162543402778, "step": 13770, "elapsed_min": 159.51, "lr": 0.0004657549165032236, "loss": 0.04015206599581069, "img_per_s": 1475.4563015180192, "mem_gb": [6.99, 6.99]}
PROGRESS {"progress": 0.5328708767361111, "step": 13800, "elapsed_min": 159.86, "lr": 0.00046391079726622195, "loss": 0.04016181892818875, "img_per_s": 1475.5663766107377, "mem_gb": [6.99, 6.99]}
PROGRESS {"progress": 0.5340030381944444, "step": 13830, "elapsed_min": 160.2, "lr": 0.0004621030383776332, "loss": 0.04016683451334636, "img_per_s": 1476.8164690218757, "mem_gb": [6.99, 6.99]}
PROGRESS {"progress": 0.5351580946180555, "step": 13860, "elapsed_min": 160.55, "lr": 0.00046025924374582493, "loss": 0.04016533142481095, "img_per_s": 1476.844007925415, "mem_gb": [6.99, 6.99]}
PROGRESS {"progress": 0.5363231336805555, "step": 13890, "elapsed_min": 160.9, "lr": 0.00045840007298508204, "loss": 0.04017324094419126, "img_per_s": 1476.3989956443243, "mem_gb": [6.99, 6.99]}
PROGRESS {"progress": 0.5374793294270833, "step": 13920, "elapsed_min": 161.24, "lr": 0.00045655559489629226, "loss": 0.04017079217093331, "img_per_s": 1476.3881944794675, "mem_gb": [6.99, 6.99]}
ROUND {"round": 15, "elapsed_min": 161.59, "step": 13950, "epoch": 367, "train_loss": 0.040177470240099676, "train_psnr_rgb": 31.98253412356322, "lr": 0.0004547035887855877, "img_per_s": 1476.152897344583, "mem_gb": [6.99, 6.99], "util_pct": [100.0, 100.0], "val_psnr_y": 33.405494689941406, "val_ssim_y": 0.8833773136138916, "val_bicubic_psnr_y": 31.562559127807617, "best_val_psnr_y": 33.405494689941406}
/usr/local/lib/python3.13/dist-packages/torch/distributed/c10d_logger.py:83: UserWarning: barrier(): using the device under current context. You can specify `device_id` in `init_process_group` to mute this warning.
  return func(*args, **kwargs)
PROGRESS {"progress": 0.538640625, "step": 13950, "elapsed_min": 161.59, "lr": 0.0004547035887855877, "loss": 0.0, "img_per_s": 0.0, "mem_gb": [6.99, 6.99]}
PROGRESS {"progress": 0.5399018012152778, "step": 13980, "elapsed_min": 161.97, "lr": 0.00045269301519799385, "loss": 0.04059875011444092, "img_per_s": 1511.6020816414934, "mem_gb": [6.99, 6.99]}
PROGRESS {"progress": 0.5410674913194444, "step": 14010, "elapsed_min": 162.32, "lr": 0.0004508353602448757, "loss": 0.04031706651051839, "img_per_s": 1487.4493285589906, "mem_gb": [6.99, 6.99]}
PROGRESS {"progress": 0.5422335611979167, "step": 14040, "elapsed_min": 162.67, "lr": 0.0004489777939441136, "loss": 0.04028614626990424, "img_per_s": 1479.4230819176748, "mem_gb": [6.99, 6.99]}
PROGRESS {"progress": 0.54339599609375, "step": 14070, "elapsed_min": 163.02, "lr": 0.00044712673476464583, "loss": 0.0402106245358785, "img_per_s": 1476.595066635971, "mem_gb": [6.99, 6.99]}
PROGRESS {"progress": 0.5445668402777778, "step": 14100, "elapsed_min": 163.37, "lr": 0.0004452630339281757, "loss": 0.04021350542704264, "img_per_s": 1472.756380188669, "mem_gb": [6.99, 6.99]}
PROGRESS {"progress": 0.5457003580729166, "step": 14130, "elapsed_min": 163.71, "lr": 0.00044345948876628417, "loss": 0.04023918575710721, "img_per_s": 1478.1429109657288, "mem_gb": [6.99, 6.99]}
PROGRESS {"progress": 0.5468646375868056, "step": 14160, "elapsed_min": 164.06, "lr": 0.00044160778281872814, "loss": 0.04023050126575288, "img_per_s": 1476.3770783670586, "mem_gb": [6.99, 6.99]}
PROGRESS {"progress": 0.5480250108506944, "step": 14190, "elapsed_min": 164.41, "lr": 0.00043976310572692697, "loss": 0.04024569193522135, "img_per_s": 1475.6778698665394, "mem_gb": [6.99, 6.99]}
PROGRESS {"progress": 0.5491878255208333, "step": 14220, "elapsed_min": 164.76, "lr": 0.00043791539055456057, "loss": 0.040238104926215275, "img_per_s": 1474.7831944033492, "mem_gb": [6.99, 6.99]}
PROGRESS {"progress": 0.5503535698784722, "step": 14250, "elapsed_min": 165.11, "lr": 0.0004360638930452379, "loss": 0.04022526741027832, "img_per_s": 1473.747571240362, "mem_gb": [6.99, 6.99]}
PROGRESS {"progress": 0.5514873046875, "step": 14280, "elapsed_min": 165.45, "lr": 0.00043426409773745156, "loss": 0.04023603381532611, "img_per_s": 1476.5275186545518, "mem_gb": [6.99, 6.99]}
PROGRESS {"progress": 0.5526549479166667, "step": 14310, "elapsed_min": 165.8, "lr": 0.00043241138787324216, "loss": 0.040166372723049584, "img_per_s": 1475.2698734533978, "mem_gb": [6.99, 6.99]}
PROGRESS {"progress": 0.5538169487847222, "step": 14340, "elapsed_min": 166.15, "lr": 0.00043056857783398697, "loss": 0.04017231036455203, "img_per_s": 1474.764300609665, "mem_gb": [6.99, 6.99]}
PROGRESS {"progress": 0.5549824761284722, "step": 14370, "elapsed_min": 166.49, "lr": 0.000428721149985163, "loss": 0.04015489759899321, "img_per_s": 1474.012096027062, "mem_gb": [6.99, 6.99]}
PROGRESS {"progress": 0.5561142035590277, "step": 14400, "elapsed_min": 166.83, "lr": 0.00042692825558425827, "loss": 0.04015402475992839, "img_per_s": 1476.2336361854823, "mem_gb": [6.99, 6.99]}
PROGRESS {"progress": 0.5572721896701389, "step": 14430, "elapsed_min": 167.18, "lr": 0.0004250947644310421, "loss": 0.040137000878651935, "img_per_s": 1476.067065394395, "mem_gb": [6.99, 6.99]}
PROGRESS {"progress": 0.5584393988715278, "step": 14460, "elapsed_min": 167.53, "lr": 0.0004232477215570039, "loss": 0.040143117717668125, "img_per_s": 1475.2546565798482, "mem_gb": [6.99, 6.99]}
PROGRESS {"progress": 0.5595989583333333, "step": 14490, "elapsed_min": 167.88, "lr": 0.00042141385487281136, "loss": 0.040134553556089046, "img_per_s": 1475.0654069193747, "mem_gb": [6.99, 6.99]}
PROGRESS {"progress": 0.5607634006076389, "step": 14520, "elapsed_min": 168.23, "lr": 0.00041957336565206805, "loss": 0.040120108085766173, "img_per_s": 1474.5635724757603, "mem_gb": [6.99, 6.99]}
PROGRESS {"progress": 0.5618996853298611, "step": 14550, "elapsed_min": 168.57, "lr": 0.0004177784684544383, "loss": 0.04011211395263672, "img_per_s": 1475.9130812532678, "mem_gb": [6.99, 6.99]}
PROGRESS {"progress": 0.5630656467013889, "step": 14580, "elapsed_min": 168.92, "lr": 0.0004159378346294003, "loss": 0.04011418176075769, "img_per_s": 1475.3278690304667, "mem_gb": [6.99, 6.99]}
PROGRESS {"progress": 0.5642295464409722, "step": 14610, "elapsed_min": 169.27, "lr": 0.0004141016336185502, "loss": 0.040124130249023435, "img_per_s": 1474.9170665852423, "mem_gb": [6.99, 6.99]}
PROGRESS {"progress": 0.5653958333333333, "step": 14640, "elapsed_min": 169.62, "lr": 0.0004122628730618736, "loss": 0.04012217314346977, "img_per_s": 1474.4093837555586, "mem_gb": [6.99, 6.99]}
PROGRESS {"progress": 0.5665565321180556, "step": 14670, "elapsed_min": 169.97, "lr": 0.0004104341472042838, "loss": 0.04013451470269097, "img_per_s": 1474.2402374814492, "mem_gb": [6.99, 6.99]}
PROGRESS {"progress": 0.5676865776909722, "step": 14700, "elapsed_min": 170.31, "lr": 0.0004086549144350074, "loss": 0.040124089558919274, "img_per_s": 1475.6512440499416, "mem_gb": [6.99, 6.99]}
PROGRESS {"progress": 0.5688464626736112, "step": 14730, "elapsed_min": 170.65, "lr": 0.0004068299538215208, "loss": 0.04012876657339243, "img_per_s": 1475.4863373648445, "mem_gb": [6.99, 6.99]}
PROGRESS {"progress": 0.5700069986979167, "step": 14760, "elapsed_min": 171.0, "lr": 0.00040500526497929014, "loss": 0.04013375176323785, "img_per_s": 1475.3035272247423, "mem_gb": [6.99, 6.99]}
PROGRESS {"progress": 0.5711666666666667, "step": 14790, "elapsed_min": 171.35, "lr": 0.00040318326120865534, "loss": 0.04012054715837751, "img_per_s": 1475.174393991052, "mem_gb": [6.99, 6.99]}
ROUND {"round": 16, "elapsed_min": 171.7, "step": 14820, "epoch": 390, "train_loss": 0.0401385603279903, "train_psnr_rgb": 31.995254130747128, "lr": 0.00040136422013383263, "img_per_s": 1475.1158710217726, "mem_gb": [6.99, 6.99], "util_pct": [0.0, 20.0], "val_psnr_y": 33.42203903198242, "val_ssim_y": 0.8836162090301514, "val_bicubic_psnr_y": 31.562559127807617, "best_val_psnr_y": 33.42203903198242}
/usr/local/lib/python3.13/dist-packages/torch/distributed/c10d_logger.py:83: UserWarning: barrier(): using the device under current context. You can specify `device_id` in `init_process_group` to mute this warning.
  return func(*args, **kwargs)
PROGRESS {"progress": 0.5723253038194445, "step": 14820, "elapsed_min": 171.7, "lr": 0.00040136422013383263, "loss": 0.0, "img_per_s": 0.0, "mem_gb": [6.99, 6.99]}
PROGRESS {"progress": 0.5735945095486111, "step": 14850, "elapsed_min": 172.08, "lr": 0.00039937315878747694, "loss": 0.040108195940653485, "img_per_s": 1509.0316127841072, "mem_gb": [6.99, 6.99]}
PROGRESS {"progress": 0.5747596028645834, "step": 14880, "elapsed_min": 172.43, "lr": 0.00039754689630521037, "loss": 0.039951614538828534, "img_per_s": 1486.5775547877802, "mem_gb": [6.99, 6.99]}
PROGRESS {"progress": 0.5759203016493055, "step": 14910, "elapsed_min": 172.78, "lr": 0.00039572895020019845, "loss": 0.04005231592390272, "img_per_s": 1481.1306868015633, "mem_gb": [6.99, 6.99]}
PROGRESS {"progress": 0.5770856662326389, "step": 14940, "elapsed_min": 173.13, "lr": 0.0003939051556059364, "loss": 0.04009922742843628, "img_per_s": 1476.9472047131355, "mem_gb": [6.99, 6.99]}
PROGRESS {"progress": 0.5782204861111111, "step": 14970, "elapsed_min": 173.47, "lr": 0.00039213059292888234, "loss": 0.04008447329203288, "img_per_s": 1482.2647163686208, "mem_gb": [6.99, 6.99]}
PROGRESS {"progress": 0.5793775499131945, "step": 15000, "elapsed_min": 173.81, "lr": 0.0003903227233444112, "loss": 0.04011960294511583, "img_per_s": 1481.0439628307129, "mem_gb": [6.99, 6.99]}
PROGRESS {"progress": 0.5805460069444445, "step": 15030, "elapsed_min": 174.16, "lr": 0.00038849859064550026, "loss": 0.0401228632245745, "img_per_s": 1478.0835037289776, "mem_gb": [6.99, 6.99]}
PROGRESS {"progress": 0.58170361328125, "step": 15060, "elapsed_min": 174.51, "lr": 0.00038669294700520456, "loss": 0.04013818899790446, "img_per_s": 1477.6172891736428, "mem_gb": [6.99, 6.99]}
PROGRESS {"progress": 0.5828633897569444, "step": 15090, "elapsed_min": 174.86, "lr": 0.00038488549003956336, "loss": 0.040165957698115595, "img_per_s": 1476.9380232387948, "mem_gb": [6.99, 6.99]}
PROGRESS {"progress": 0.5839950629340278, "step": 15120, "elapsed_min": 175.2, "lr": 0.0003831233710423593, "loss": 0.040164737701416015, "img_per_s": 1479.9958145376693, "mem_gb": [6.99, 6.99]}
PROGRESS {"progress": 0.5851511501736111, "step": 15150, "elapsed_min": 175.55, "lr": 0.00038132483242534306, "loss": 0.04017951560742927, "img_per_s": 1479.6500253560923, "mem_gb": [6.99, 6.99]}
PROGRESS {"progress": 0.5863071831597222, "step": 15180, "elapsed_min": 175.89, "lr": 0.00037952801496508995, "loss": 0.04014293352762858, "img_per_s": 1479.3741029934545, "mem_gb": [6.99, 6.99]}
PROGRESS {"progress": 0.5874688585069444, "step": 15210, "elapsed_min": 176.24, "lr": 0.0003777241012219708, "loss": 0.040172579349615635, "img_per_s": 1478.5804559499122, "mem_gb": [6.99, 6.99]}
PROGRESS {"progress": 0.5886271158854167, "step": 15240, "elapsed_min": 176.59, "lr": 0.00037592719022535665, "loss": 0.04018906638735817, "img_per_s": 1478.2146728844996, "mem_gb": [6.99, 6.99]}
PROGRESS {"progress": 0.5897605251736111, "step": 15270, "elapsed_min": 176.93, "lr": 0.0003741704907455912, "loss": 0.04016413370768229, "img_per_s": 1480.0232700407132, "mem_gb": [6.99, 6.99]}
PROGRESS {"progress": 0.5909222547743056, "step": 15300, "elapsed_min": 177.28, "lr": 0.0003723716278600098, "loss": 0.040142575899759926, "img_per_s": 1479.333974031805, "mem_gb": [6.99, 6.99]}
PROGRESS {"progress": 0.59208935546875, "step": 15330, "elapsed_min": 177.63, "lr": 0.00037056623762775397, "loss": 0.04010998221004711, "img_per_s": 1478.3200937274696, "mem_gb": [6.99, 6.99]}
PROGRESS {"progress": 0.5932492947048611, "step": 15360, "elapsed_min": 177.97, "lr": 0.0003687737275145905, "loss": 0.040100807613796655, "img_per_s": 1477.9312713712382, "mem_gb": [6.99, 6.99]}
PROGRESS {"progress": 0.5944095594618055, "step": 15390, "elapsed_min": 178.32, "lr": 0.0003669825364630441, "loss": 0.04010767685739618, "img_per_s": 1477.5897481864429, "mem_gb": [6.99, 6.99]}
PROGRESS {"progress": 0.5955440538194444, "step": 15420, "elapsed_min": 178.66, "lr": 0.0003652329150604297, "loss": 0.04012873331705729, "img_per_s": 1478.881336577885, "mem_gb": [6.99, 6.99]}
PROGRESS {"progress": 0.5967081163194444, "step": 15450, "elapsed_min": 179.01, "lr": 0.0003634395534589514, "loss": 0.04012150537400019, "img_per_s": 1478.265537163583, "mem_gb": [6.99, 6.99]}
PROGRESS {"progress": 0.5978722330729167, "step": 15480, "elapsed_min": 179.36, "lr": 0.0003616480169944941, "loss": 0.04011100711244525, "img_per_s": 1477.7068206801678, "mem_gb": [6.99, 6.99]}
PROGRESS {"progress": 0.5990324435763889, "step": 15510, "elapsed_min": 179.71, "lr": 0.000359864416081383, "loss": 0.040108896338421365, "img_per_s": 1477.4154816901726, "mem_gb": [6.99, 6.99]}
PROGRESS {"progress": 0.6001659613715278, "step": 15540, "elapsed_min": 180.05, "lr": 0.0003581237287093179, "loss": 0.04012359513176812, "img_per_s": 1478.5707120321142, "mem_gb": [6.99, 6.99]}
PROGRESS {"progress": 0.6013312717013889, "step": 15570, "elapsed_min": 180.4, "lr": 0.00035633617909328405, "loss": 0.04011778259277344, "img_per_s": 1478.004257804227, "mem_gb": [6.99, 6.99]}
PROGRESS {"progress": 0.6024967447916667, "step": 15600, "elapsed_min": 180.75, "lr": 0.0003545503920386896, "loss": 0.040111664013984874, "img_per_s": 1477.4753658677669, "mem_gb": [6.99, 6.99]}
PROGRESS {"progress": 0.6036612413194444, "step": 15630, "elapsed_min": 181.1, "lr": 0.0003527681360453576, "loss": 0.04011272383324894, "img_per_s": 1477.0291000116838, "mem_gb": [6.99, 6.99]}
PROGRESS {"progress": 0.6048311089409723, "step": 15660, "elapsed_min": 181.45, "lr": 0.000350979732645956, "loss": 0.040109352838425406, "img_per_s": 1476.372713893227, "mem_gb": [6.99, 6.99]}
ROUND {"round": 17, "elapsed_min": 181.79, "step": 15690, "epoch": 412, "train_loss": 0.04008721537973689, "train_psnr_rgb": 32.00934806034483, "lr": 0.00034924691664596914, "img_per_s": 1477.3055289720924, "mem_gb": [6.99, 6.99], "util_pct": [100.0, 100.0], "val_psnr_y": 33.43680953979492, "val_ssim_y": 0.8838355541229248, "val_bicubic_psnr_y": 31.562559127807617, "best_val_psnr_y": 33.43680953979492}
/usr/local/lib/python3.13/dist-packages/torch/distributed/c10d_logger.py:83: UserWarning: barrier(): using the device under current context. You can specify `device_id` in `init_process_group` to mute this warning.
  return func(*args, **kwargs)
PROGRESS {"progress": 0.6059659288194444, "step": 15690, "elapsed_min": 181.79, "lr": 0.00034924691664596914, "loss": 0.0, "img_per_s": 0.0, "mem_gb": [6.99, 6.99]}
PROGRESS {"progress": 0.6072555881076389, "step": 15720, "elapsed_min": 182.18, "lr": 0.0003472800995418608, "loss": 0.039990504582722984, "img_per_s": 1471.6156739672494, "mem_gb": [6.99, 6.99]}
PROGRESS {"progress": 0.6084205729166666, "step": 15750, "elapsed_min": 182.53, "lr": 0.00034550566980789976, "loss": 0.04018544356028239, "img_per_s": 1468.2810574575742, "mem_gb": [6.99, 6.99]}
PROGRESS {"progress": 0.6095833333333334, "step": 15780, "elapsed_min": 182.88, "lr": 0.00034373678366166445, "loss": 0.04026945432027181, "img_per_s": 1468.1122216436324, "mem_gb": [6.99, 6.99]}
PROGRESS {"progress": 0.6107509765625, "step": 15810, "elapsed_min": 183.23, "lr": 0.00034196266122505433, "loss": 0.040214975674947105, "img_per_s": 1466.475928651459, "mem_gb": [6.99, 6.99]}
PROGRESS {"progress": 0.6118857964409722, "step": 15840, "elapsed_min": 183.57, "lr": 0.00034024053898750514, "loss": 0.0402237606048584, "img_per_s": 1473.827592963919, "mem_gb": [6.99, 6.99]}
PROGRESS {"progress": 0.6130508355034722, "step": 15870, "elapsed_min": 183.92, "lr": 0.00033847476485881106, "loss": 0.04015620019700792, "img_per_s": 1472.3264608092165, "mem_gb": [6.99, 6.99]}
PROGRESS {"progress": 0.6142179361979166, "step": 15900, "elapsed_min": 184.27, "lr": 0.0003367081320772143, "loss": 0.040151755015055336, "img_per_s": 1470.8878199223511, "mem_gb": [6.99, 6.99]}
PROGRESS {"progress": 0.6153818901909722, "step": 15930, "elapsed_min": 184.61, "lr": 0.0003349485458976567, "loss": 0.040172362327575685, "img_per_s": 1470.3064586167757, "mem_gb": [6.99, 6.99]}
PROGRESS {"progress": 0.6165486653645833, "step": 15960, "elapsed_min": 184.96, "lr": 0.0003331870081544886, "loss": 0.04019108878241645, "img_per_s": 1469.51742459482, "mem_gb": [6.99, 6.99]}
PROGRESS {"progress": 0.6176789822048611, "step": 15990, "elapsed_min": 185.3, "lr": 0.00033148274526206796, "loss": 0.04016179402669271, "img_per_s": 1473.4156320541954, "mem_gb": [6.99, 6.99]}
PROGRESS {"progress": 0.6188357747395833, "step": 16020, "elapsed_min": 185.65, "lr": 0.00032974086085926075, "loss": 0.04012602025812322, "img_per_s": 1473.5799821107994, "mem_gb": [6.99, 6.99]}
PROGRESS {"progress": 0.61999072265625, "step": 16050, "elapsed_min": 186.0, "lr": 0.0003280040966713172, "loss": 0.04011484252081977, "img_per_s": 1473.9371271268508, "mem_gb": [6.99, 6.99]}
PROGRESS {"progress": 0.6211515842013889, "step": 16080, "elapsed_min": 186.35, "lr": 0.00032626082260142885, "loss": 0.040133750133025343, "img_per_s": 1473.6367336393248, "mem_gb": [6.99, 6.99]}
PROGRESS {"progress": 0.6222828233506944, "step": 16110, "elapsed_min": 186.68, "lr": 0.0003245643539030934, "loss": 0.04011444818405878, "img_per_s": 1476.0885336904282, "mem_gb": [6.99, 6.99]}
PROGRESS {"progress": 0.6234373372395833, "step": 16140, "elapsed_min": 187.03, "lr": 0.0003228353668874947, "loss": 0.040093960232204864, "img_per_s": 1476.2292218200141, "mem_gb": [6.99, 6.99]}
PROGRESS {"progress": 0.6246009114583333, "step": 16170, "elapsed_min": 187.38, "lr": 0.0003210952735929313, "loss": 0.04008756081263224, "img_per_s": 1475.6307123738238, "mem_gb": [6.99, 6.99]}
PROGRESS {"progress": 0.62576220703125, "step": 16200, "elapsed_min": 187.73, "lr": 0.00031936107674855385, "loss": 0.04008997374889897, "img_per_s": 1475.2775431151117, "mem_gb": [6.99, 6.99]}
PROGRESS {"progress": 0.6269273546006945, "step": 16230, "elapsed_min": 188.08, "lr": 0.0003176236505439994, "loss": 0.040106692137541596, "img_per_s": 1474.6901843050518, "mem_gb": [6.99, 6.99]}
PROGRESS {"progress": 0.6280623914930555, "step": 16260, "elapsed_min": 188.42, "lr": 0.0003159335773799217, "loss": 0.04009845465944525, "img_per_s": 1476.185753732603, "mem_gb": [6.99, 6.99]}
PROGRESS {"progress": 0.6292291666666666, "step": 16290, "elapsed_min": 188.77, "lr": 0.0003141987930296024, "loss": 0.04009169578552246, "img_per_s": 1475.503824823325, "mem_gb": [6.99, 6.99]}
PROGRESS {"progress": 0.6303952907986111, "step": 16320, "elapsed_min": 189.12, "lr": 0.00031246758085159217, "loss": 0.04008538079640222, "img_per_s": 1474.9323693675183, "mem_gb": [6.99, 6.99]}
PROGRESS {"progress": 0.6315611436631945, "step": 16350, "elapsed_min": 189.47, "lr": 0.0003107393981360838, "loss": 0.04009019389297023, "img_per_s": 1474.427626231077, "mem_gb": [6.99, 6.99]}
PROGRESS {"progress": 0.6327240668402778, "step": 16380, "elapsed_min": 189.82, "lr": 0.0003090181987698588, "loss": 0.04008891893469769, "img_per_s": 1474.124608079422, "mem_gb": [6.99, 6.99]}
PROGRESS {"progress": 0.6338569878472222, "step": 16410, "elapsed_min": 190.16, "lr": 0.00030734396339918146, "loss": 0.0401068819893731, "img_per_s": 1475.4466573605944, "mem_gb": [6.99, 6.99]}
PROGRESS {"progress": 0.6350200737847222, "step": 16440, "elapsed_min": 190.51, "lr": 0.0003056278007662793, "loss": 0.04010694630940755, "img_per_s": 1475.11914524451, "mem_gb": [6.99, 6.99]}
PROGRESS {"progress": 0.6361817491319445, "step": 16470, "elapsed_min": 190.85, "lr": 0.0003039164236311851, "loss": 0.04009814140124199, "img_per_s": 1474.8877695481217, "mem_gb": [6.99, 6.99]}
PROGRESS {"progress": 0.6373454318576389, "step": 16500, "elapsed_min": 191.2, "lr": 0.00030220482255411427, "loss": 0.04007686096944927, "img_per_s": 1474.579510883158, "mem_gb": [6.99, 6.99]}
PROGRESS {"progress": 0.6385017361111112, "step": 16530, "elapsed_min": 191.55, "lr": 0.0003005068073401666, "loss": 0.04007967994326637, "img_per_s": 1474.645261246611, "mem_gb": [6.99, 6.99]}
ROUND {"round": 18, "elapsed_min": 191.89, "step": 16560, "epoch": 435, "train_loss": 0.040061433287872664, "train_psnr_rgb": 32.01991289511494, "lr": 0.00029884881527506154, "img_per_s": 1475.7967424238261, "mem_gb": [6.99, 6.99], "util_pct": [100.0, 100.0], "val_psnr_y": 33.448787689208984, "val_ssim_y": 0.8840109705924988, "val_bicubic_psnr_y": 31.562559127807617, "best_val_psnr_y": 33.448787689208984}
/usr/local/lib/python3.13/dist-packages/torch/distributed/c10d_logger.py:83: UserWarning: barrier(): using the device under current context. You can specify `device_id` in `init_process_group` to mute this warning.
  return func(*args, **kwargs)
PROGRESS {"progress": 0.6396325954861111, "step": 16560, "elapsed_min": 191.89, "lr": 0.00029884881527506154, "loss": 0.0, "img_per_s": 0.0, "mem_gb": [6.99, 6.99]}
PROGRESS {"progress": 0.6409263237847223, "step": 16590, "elapsed_min": 192.28, "lr": 0.0002969552868420305, "loss": 0.040247754255930586, "img_per_s": 1466.4175017903005, "mem_gb": [6.99, 6.99]}
PROGRESS {"progress": 0.6420866427951389, "step": 16620, "elapsed_min": 192.63, "lr": 0.00029525999623346223, "loss": 0.04011871417363485, "img_per_s": 1468.64649107163, "mem_gb": [6.99, 6.99]}
PROGRESS {"progress": 0.6432528754340278, "step": 16650, "elapsed_min": 192.98, "lr": 0.00029355892691454314, "loss": 0.04005659951104058, "img_per_s": 1466.8907751301138, "mem_gb": [6.99, 6.99]}
PROGRESS {"progress": 0.6443868815104167, "step": 16680, "elapsed_min": 193.32, "lr": 0.00029190763676873295, "loss": 0.03996037244796753, "img_per_s": 1476.2511980668833, "mem_gb": [6.99, 6.99]}
PROGRESS {"progress": 0.6455481228298611, "step": 16710, "elapsed_min": 193.66, "lr": 0.00029021954475060105, "loss": 0.039934787750244144, "img_per_s": 1474.9141923072807, "mem_gb": [6.99, 6.99]}
PROGRESS {"progress": 0.6467101236979167, "step": 16740, "elapsed_min": 194.01, "lr": 0.00028853326545381057, "loss": 0.03992344273461236, "img_per_s": 1473.8803802538912, "mem_gb": [6.99, 6.99]}
PROGRESS {"progress": 0.6478660481770834, "step": 16770, "elapsed_min": 194.36, "lr": 0.00028685872227757897, "loss": 0.03991296859014602, "img_per_s": 1474.2457974116976, "mem_gb": [6.99, 6.99]}
PROGRESS {"progress": 0.6490300564236111, "step": 16800, "elapsed_min": 194.71, "lr": 0.0002851754328926045, "loss": 0.039937488238016766, "img_per_s": 1473.236203889714, "mem_gb": [6.99, 6.99]}
PROGRESS {"progress": 0.6501643880208333, "step": 16830, "elapsed_min": 195.05, "lr": 0.0002835379436166225, "loss": 0.03993038954558196, "img_per_s": 1476.6576679699617, "mem_gb": [6.99, 6.99]}
PROGRESS {"progress": 0.6513244900173611, "step": 16860, "elapsed_min": 195.4, "lr": 0.00028186622046040164, "loss": 0.039932292302449546, "img_per_s": 1476.0985674299905, "mem_gb": [6.99, 6.99]}
PROGRESS {"progress": 0.65248388671875, "step": 16890, "elapsed_min": 195.75, "lr": 0.0002801985347080068, "loss": 0.039914272770737155, "img_per_s": 1475.7325593402193, "mem_gb": [6.99, 6.99]}
PROGRESS {"progress": 0.6536497395833333, "step": 16920, "elapsed_min": 196.09, "lr": 0.0002785246310535567, "loss": 0.039918690257602266, "img_per_s": 1474.733509476723, "mem_gb": [6.99, 6.99]}
PROGRESS {"progress": 0.6548166775173611, "step": 16950, "elapsed_min": 196.45, "lr": 0.00027685227437397527, "loss": 0.03992407872126653, "img_per_s": 1473.789349610809, "mem_gb": [6.99, 6.99]}
PROGRESS {"progress": 0.6559516059027778, "step": 16980, "elapsed_min": 196.79, "lr": 0.0002752287929996838, "loss": 0.039912328265962145, "img_per_s": 1475.8911949704636, "mem_gb": [6.99, 6.99]}
PROGRESS {"progress": 0.6571127387152778, "step": 17010, "elapsed_min": 197.13, "lr": 0.00027357091308590685, "loss": 0.03990415785047743, "img_per_s": 1475.485884503263, "mem_gb": [6.99, 6.99]}
PROGRESS {"progress": 0.6582736545138889, "step": 17040, "elapsed_min": 197.48, "lr": 0.0002719164862784955, "loss": 0.039922722180684406, "img_per_s": 1475.1438775893164, "mem_gb": [6.99, 6.99]}
PROGRESS {"progress": 0.6594319118923611, "step": 17070, "elapsed_min": 197.83, "lr": 0.0002702690029877631, "loss": 0.039908644732306986, "img_per_s": 1475.047588271624, "mem_gb": [6.99, 6.99]}
PROGRESS {"progress": 0.6605985243055555, "step": 17100, "elapsed_min": 198.18, "lr": 0.00026861284423962075, "loss": 0.03989507887098524, "img_per_s": 1474.396781506094, "mem_gb": [6.99, 6.99]}
PROGRESS {"progress": 0.6617375217013889, "step": 17130, "elapsed_min": 198.52, "lr": 0.0002669990174173736, "loss": 0.03987932037888912, "img_per_s": 1475.6193179634433, "mem_gb": [6.99, 6.99]}
PROGRESS {"progress": 0.6628974609375, "step": 17160, "elapsed_min": 198.87, "lr": 0.00026535871797524094, "loss": 0.03987650871276856, "img_per_s": 1475.3992194175246, "mem_gb": [6.99, 6.99]}
PROGRESS {"progress": 0.6640543619791667, "step": 17190, "elapsed_min": 199.22, "lr": 0.00026372595335923154, "loss": 0.039907842969137526, "img_per_s": 1475.3904876546399, "mem_gb": [6.99, 6.99]}
PROGRESS {"progress": 0.6652157118055556, "step": 17220, "elapsed_min": 199.56, "lr": 0.00026209018556421924, "loss": 0.03991422653198242, "img_per_s": 1475.1254620150685, "mem_gb": [6.99, 6.99]}
PROGRESS {"progress": 0.6663460828993055, "step": 17250, "elapsed_min": 199.9, "lr": 0.000260501224689947, "loss": 0.03992770098257756, "img_per_s": 1476.6031000306255, "mem_gb": [6.99, 6.99]}
PROGRESS {"progress": 0.6675002170138888, "step": 17280, "elapsed_min": 200.25, "lr": 0.0002588821117564476, "loss": 0.03993362850613064, "img_per_s": 1476.6889614604831, "mem_gb": [6.99, 6.99]}
PROGRESS {"progress": 0.6686638997395833, "step": 17310, "elapsed_min": 200.6, "lr": 0.0002572529518926049, "loss": 0.03994938659667969, "img_per_s": 1476.2836751738496, "mem_gb": [6.99, 6.99]}
PROGRESS {"progress": 0.6698250325520834, "step": 17340, "elapsed_min": 200.95, "lr": 0.00025563073582188, "loss": 0.03994905276176257, "img_per_s": 1476.0334737068408, "mem_gb": [6.99, 6.99]}
PROGRESS {"progress": 0.6709907769097222, "step": 17370, "elapsed_min": 201.3, "lr": 0.00025400548993765416, "loss": 0.039960225423177086, "img_per_s": 1475.5860722456564, "mem_gb": [6.99, 6.99]}
PROGRESS {"progress": 0.6721251085069444, "step": 17400, "elapsed_min": 201.64, "lr": 0.00025242734309424464, "loss": 0.039955484299432666, "img_per_s": 1476.6022184686822, "mem_gb": [6.99, 6.99]}
ROUND {"round": 19, "elapsed_min": 201.99, "step": 17430, "epoch": 458, "train_loss": 0.04001752480693247, "train_psnr_rgb": 32.02961117097701, "lr": 0.00025081673603768426, "img_per_s": 1476.4124076050748, "mem_gb": [6.99, 6.99], "util_pct": [99.0, 100.0], "val_psnr_y": 33.45850372314453, "val_ssim_y": 0.8841609954833984, "val_bicubic_psnr_y": 31.562559127807617, "best_val_psnr_y": 33.45850372314453}
/usr/local/lib/python3.13/dist-packages/torch/distributed/c10d_logger.py:83: UserWarning: barrier(): using the device under current context. You can specify `device_id` in `init_process_group` to mute this warning.
  return func(*args, **kwargs)
PROGRESS {"progress": 0.6732852105034722, "step": 17430, "elapsed_min": 201.99, "lr": 0.00025081673603768426, "loss": 0.0, "img_per_s": 0.0, "mem_gb": [6.99, 6.99]}
PROGRESS {"progress": 0.6745721028645834, "step": 17460, "elapsed_min": 202.37, "lr": 0.00024903414277558836, "loss": 0.039904590447743735, "img_per_s": 1478.1479528957639, "mem_gb": [6.99, 6.99]}
PROGRESS {"progress": 0.6757323133680555, "step": 17490, "elapsed_min": 202.72, "lr": 0.00024743069585333923, "loss": 0.0400033434232076, "img_per_s": 1474.590187180479, "mem_gb": [6.99, 6.99]}
PROGRESS {"progress": 0.6768989800347223, "step": 17520, "elapsed_min": 203.07, "lr": 0.00024582185637177305, "loss": 0.04009793599446614, "img_per_s": 1470.6474328943088, "mem_gb": [6.99, 6.99]}
PROGRESS {"progress": 0.6780361328125, "step": 17550, "elapsed_min": 203.41, "lr": 0.00024425714479413437, "loss": 0.040118082364400225, "img_per_s": 1478.0897707192576, "mem_gb": [6.99, 6.99]}
PROGRESS {"progress": 0.6791995985243056, "step": 17580, "elapsed_min": 203.76, "lr": 0.0002426597512842878, "loss": 0.04009508450826009, "img_per_s": 1475.8272892180958, "mem_gb": [6.99, 6.99]}
PROGRESS {"progress": 0.6803589952256944, "step": 17610, "elapsed_min": 204.11, "lr": 0.00024107151233068404, "loss": 0.04011476304796007, "img_per_s": 1475.1889096823224, "mem_gb": [6.99, 6.99]}
PROGRESS {"progress": 0.6815248480902778, "step": 17640, "elapsed_min": 204.46, "lr": 0.00023947804289019462, "loss": 0.04009535653250558, "img_per_s": 1473.5702718076816, "mem_gb": [6.99, 6.99]}
PROGRESS {"progress": 0.6826872287326389, "step": 17670, "elapsed_min": 204.81, "lr": 0.0002378929488925612, "loss": 0.04003908236821493, "img_per_s": 1472.9607053703005, "mem_gb": [6.99, 6.99]}
PROGRESS {"progress": 0.6838204210069444, "step": 17700, "elapsed_min": 205.15, "lr": 0.00023635116786775264, "loss": 0.04003715161924009, "img_per_s": 1476.5226174925797, "mem_gb": [6.99, 6.99]}
PROGRESS {"progress": 0.6849810112847222, "step": 17730, "elapsed_min": 205.49, "lr": 0.0002347757235069725, "loss": 0.04005285580952962, "img_per_s": 1475.9094726798526, "mem_gb": [6.99, 6.99]}
PROGRESS {"progress": 0.6861416558159722, "step": 17760, "elapsed_min": 205.84, "lr": 0.0002332038839651596, "loss": 0.040072123209635414, "img_per_s": 1475.4150788007096, "mem_gb": [6.99, 6.99]}
PROGRESS {"progress": 0.6873026801215277, "step": 17790, "elapsed_min": 206.19, "lr": 0.00023163523223149817, "loss": 0.04003709157307943, "img_per_s": 1474.9599981640224, "mem_gb": [6.99, 6.99]}
PROGRESS {"progress": 0.6884372829861111, "step": 17820, "elapsed_min": 206.53, "lr": 0.0002301058764515496, "loss": 0.04003586646838066, "img_per_s": 1477.171357777704, "mem_gb": [6.99, 6.99]}
PROGRESS {"progress": 0.6895960286458334, "step": 17850, "elapsed_min": 206.88, "lr": 0.00022854767031518295, "loss": 0.04003227778843471, "img_per_s": 1476.8582639334156, "mem_gb": [6.99, 6.99]}
PROGRESS {"progress": 0.6907625325520833, "step": 17880, "elapsed_min": 207.23, "lr": 0.00022698282167036015, "loss": 0.04002600775824653, "img_per_s": 1475.9307231399844, "mem_gb": [6.99, 6.99]}
PROGRESS {"progress": 0.6919284939236111, "step": 17910, "elapsed_min": 207.58, "lr": 0.00022542252291611527, "loss": 0.040029092629750566, "img_per_s": 1475.163282577737, "mem_gb": [6.99, 6.99]}
PROGRESS {"progress": 0.6930916883680556, "step": 17940, "elapsed_min": 207.93, "lr": 0.00022386975620019138, "loss": 0.04003103667614507, "img_per_s": 1474.6921238963614, "mem_gb": [6.99, 6.99]}
PROGRESS {"progress": 0.6942259657118055, "step": 17970, "elapsed_min": 208.27, "lr": 0.00022235929533854622, "loss": 0.0400228394402398, "img_per_s": 1476.3251664567072, "mem_gb": [6.99, 6.99]}
PROGRESS {"progress": 0.6953865017361112, "step": 18000, "elapsed_min": 208.62, "lr": 0.00022081767341952698, "loss": 0.040014849211040295, "img_per_s": 1476.0037569514961, "mem_gb": [6.99, 6.99]}
PROGRESS {"progress": 0.6965501844618056, "step": 18030, "elapsed_min": 208.97, "lr": 0.0002192757583478246, "loss": 0.040005919138590494, "img_per_s": 1475.546756132624, "mem_gb": [6.99, 6.99]}
PROGRESS {"progress": 0.6977134331597222, "step": 18060, "elapsed_min": 209.31, "lr": 0.0002177383297174481, "loss": 0.0399921871366955, "img_per_s": 1475.155998208206, "mem_gb": [6.99, 6.99]}
PROGRESS {"progress": 0.6988737521701389, "step": 18090, "elapsed_min": 209.66, "lr": 0.0002162086902951137, "loss": 0.039990774790445965, "img_per_s": 1474.950086974952, "mem_gb": [6.99, 6.99]}
PROGRESS {"progress": 0.7000072699652777, "step": 18120, "elapsed_min": 210.0, "lr": 0.00021471818069197687, "loss": 0.03998648325602214, "img_per_s": 1476.2605300929158, "mem_gb": [6.99, 6.99]}
PROGRESS {"progress": 0.7011693250868055, "step": 18150, "elapsed_min": 210.35, "lr": 0.00021319406348886948, "loss": 0.039971854951646596, "img_per_s": 1475.940689945642, "mem_gb": [6.99, 6.99]}
PROGRESS {"progress": 0.7023312174479167, "step": 18180, "elapsed_min": 210.7, "lr": 0.0002116741459089634, "loss": 0.03998504384358724, "img_per_s": 1475.6555866830818, "mem_gb": [6.99, 6.99]}
PROGRESS {"progress": 0.7034909396701389, "step": 18210, "elapsed_min": 211.05, "lr": 0.00021016106290133052, "loss": 0.03999481690235627, "img_per_s": 1475.501001470292, "mem_gb": [6.99, 6.99]}
PROGRESS {"progress": 0.7046500651041666, "step": 18240, "elapsed_min": 211.4, "lr": 0.00020865276833773153, "loss": 0.0399956973982446, "img_per_s": 1475.3674300103285, "mem_gb": [6.99, 6.99]}
PROGRESS {"progress": 0.70578564453125, "step": 18270, "elapsed_min": 211.74, "lr": 0.00020717902018791828, "loss": 0.03999793643043155, "img_per_s": 1476.3525986182042, "mem_gb": [6.99, 6.99]}
ROUND {"round": 20, "elapsed_min": 212.09, "step": 18300, "epoch": 481, "train_loss": 0.040018480673603626, "train_psnr_rgb": 32.03111081178161, "lr": 0.0002056685548062466, "img_per_s": 1475.8670204433463, "mem_gb": [6.99, 6.99], "util_pct": [99.0, 100.0], "val_psnr_y": 33.46660232543945, "val_ssim_y": 0.884286642074585, "val_bicubic_psnr_y": 31.562559127807617, "best_val_psnr_y": 33.46660232543945}
/usr/local/lib/python3.13/dist-packages/torch/distributed/c10d_logger.py:83: UserWarning: barrier(): using the device under current context. You can specify `device_id` in `init_process_group` to mute this warning.
  return func(*args, **kwargs)
PROGRESS {"progress": 0.70695263671875, "step": 18300, "elapsed_min": 212.09, "lr": 0.0002056685548062466, "loss": 0.0, "img_per_s": 0.0, "mem_gb": [6.99, 6.99]}
PROGRESS {"progress": 0.7082498914930555, "step": 18330, "elapsed_min": 212.47, "lr": 0.00020399433126505357, "loss": 0.039613779385884604, "img_per_s": 1464.9604529862756, "mem_gb": [6.99, 6.99]}
PROGRESS {"progress": 0.7094115125868056, "step": 18360, "elapsed_min": 212.82, "lr": 0.00020249950591016486, "loss": 0.039764098326365155, "img_per_s": 1467.0825821095996, "mem_gb": [6.99, 6.99]}
PROGRESS {"progress": 0.7105461154513889, "step": 18390, "elapsed_min": 213.16, "lr": 0.00020104343791035919, "loss": 0.03989997439914279, "img_per_s": 1479.2670378265411, "mem_gb": [6.99, 6.99]}
PROGRESS {"progress": 0.7117082790798611, "step": 18420, "elapsed_min": 213.51, "lr": 0.00019955610766092367, "loss": 0.03995812733968099, "img_per_s": 1476.5536606146795, "mem_gb": [6.99, 6.99]}
PROGRESS {"progress": 0.7128747287326389, "step": 18450, "elapsed_min": 213.86, "lr": 0.00019806749236956638, "loss": 0.03986907641092936, "img_per_s": 1473.8489290622153, "mem_gb": [6.99, 6.99]}
PROGRESS {"progress": 0.7140366753472223, "step": 18480, "elapsed_min": 214.21, "lr": 0.0001965888280500006, "loss": 0.03997450934516059, "img_per_s": 1473.004841581429, "mem_gb": [6.99, 6.99]}
PROGRESS {"progress": 0.715203125, "step": 18510, "elapsed_min": 214.56, "lr": 0.00019510867448229642, "loss": 0.03990643819173177, "img_per_s": 1471.5892767834725, "mem_gb": [6.99, 6.99]}
PROGRESS {"progress": 0.7163384331597222, "step": 18540, "elapsed_min": 214.9, "lr": 0.0001936721379939439, "loss": 0.0399236003557841, "img_per_s": 1475.4795173391485, "mem_gb": [6.99, 6.99]}
PROGRESS {"progress": 0.7174951171875, "step": 18570, "elapsed_min": 215.25, "lr": 0.00019221273380596164, "loss": 0.03994614283243815, "img_per_s": 1475.4726732962372, "mem_gb": [6.99, 6.99]}
PROGRESS {"progress": 0.7186600477430556, "step": 18600, "elapsed_min": 215.6, "lr": 0.0001907472090402937, "loss": 0.03994795799255371, "img_per_s": 1474.4234370861252, "mem_gb": [6.99, 6.99]}
PROGRESS {"progress": 0.7198264973958334, "step": 18630, "elapsed_min": 215.95, "lr": 0.0001892841014451743, "loss": 0.039955335674863875, "img_per_s": 1473.3879015666348, "mem_gb": [6.99, 6.99]}
PROGRESS {"progress": 0.7209861653645834, "step": 18660, "elapsed_min": 216.3, "lr": 0.000187833813893352, "loss": 0.039963918262057835, "img_per_s": 1473.2456650650122, "mem_gb": [6.99, 6.99]}
PROGRESS {"progress": 0.7221226671006944, "step": 18690, "elapsed_min": 216.64, "lr": 0.00018641669052913378, "loss": 0.03997303400284205, "img_per_s": 1475.3994199388726, "mem_gb": [6.99, 6.99]}
PROGRESS {"progress": 0.7232841796875, "step": 18720, "elapsed_min": 216.99, "lr": 0.00018497268848395202, "loss": 0.039976710364932104, "img_per_s": 1474.9635213330887, "mem_gb": [6.99, 6.99]}
PROGRESS {"progress": 0.7244422200520834, "step": 18750, "elapsed_min": 217.33, "lr": 0.00018353735805297082, "loss": 0.039970080057779946, "img_per_s": 1474.8816626526534, "mem_gb": [6.99, 6.99]}
PROGRESS {"progress": 0.7256002604166667, "step": 18780, "elapsed_min": 217.68, "lr": 0.0001821063958225293, "loss": 0.039960813522338864, "img_per_s": 1474.8134789956043, "mem_gb": [6.99, 6.99]}
PROGRESS {"progress": 0.7267619357638889, "step": 18810, "elapsed_min": 218.03, "lr": 0.000180675350556188, "loss": 0.0399499818390491, "img_per_s": 1474.5061346515845, "mem_gb": [6.99, 6.99]}
PROGRESS {"progress": 0.7278940972222222, "step": 18840, "elapsed_min": 218.37, "lr": 0.00017928493047344313, "loss": 0.03995045909175166, "img_per_s": 1476.2751689710462, "mem_gb": [6.99, 6.99]}
PROGRESS {"progress": 0.7290573459201389, "step": 18870, "elapsed_min": 218.72, "lr": 0.0001778607390090957, "loss": 0.03995398136607388, "img_per_s": 1475.7876270510972, "mem_gb": [6.99, 6.99]}
PROGRESS {"progress": 0.7302229817708333, "step": 18900, "elapsed_min": 219.07, "lr": 0.00017643812525196584, "loss": 0.039964640935262044, "img_per_s": 1475.2031239363623, "mem_gb": [6.99, 6.99]}
PROGRESS {"progress": 0.7313870985243055, "step": 18930, "elapsed_min": 219.42, "lr": 0.00017502188145945515, "loss": 0.039973773653545076, "img_per_s": 1474.7634586048962, "mem_gb": [6.99, 6.99]}
PROGRESS {"progress": 0.7325241970486112, "step": 18960, "elapsed_min": 219.76, "lr": 0.00017364288358883386, "loss": 0.0399612079967152, "img_per_s": 1475.9356138156022, "mem_gb": [6.99, 6.99]}
PROGRESS {"progress": 0.7336876085069445, "step": 18990, "elapsed_min": 220.11, "lr": 0.0001722364703076134, "loss": 0.03996565169182376, "img_per_s": 1475.53986194705, "mem_gb": [6.99, 6.99]}
PROGRESS {"progress": 0.7348516167534722, "step": 19020, "elapsed_min": 220.46, "lr": 0.0001708339051094194, "loss": 0.03995837635464138, "img_per_s": 1475.1494943999426, "mem_gb": [6.99, 6.99]}
PROGRESS {"progress": 0.7360130750868056, "step": 19050, "elapsed_min": 220.8, "lr": 0.00016943898754828363, "loss": 0.039973968505859374, "img_per_s": 1474.9196617791636, "mem_gb": [6.99, 6.99]}
PROGRESS {"progress": 0.7371761067708333, "step": 19080, "elapsed_min": 221.15, "lr": 0.00016804677919177744, "loss": 0.03997715925559019, "img_per_s": 1474.6281883213671, "mem_gb": [6.99, 6.99]}
PROGRESS {"progress": 0.7383123914930556, "step": 19110, "elapsed_min": 221.49, "lr": 0.00016669105124082602, "loss": 0.039969743328329956, "img_per_s": 1475.625171387728, "mem_gb": [6.99, 6.99]}
PROGRESS {"progress": 0.7394781358506944, "step": 19140, "elapsed_min": 221.84, "lr": 0.00016530477734453178, "loss": 0.03996078854515439, "img_per_s": 1475.206996639406, "mem_gb": [6.99, 6.99]}
ROUND {"round": 21, "elapsed_min": 222.19, "step": 19170, "epoch": 504, "train_loss": 0.039957620905733654, "train_psnr_rgb": 32.045341684626436, "lr": 0.00016392703599238867, "img_per_s": 1474.959401881841, "mem_gb": [6.99, 6.99], "util_pct": [97.0, 100.0], "val_psnr_y": 33.4731330871582, "val_ssim_y": 0.8843868374824524, "val_bicubic_psnr_y": 31.562559127807617, "best_val_psnr_y": 33.4731330871582}
/usr/local/lib/python3.13/dist-packages/torch/distributed/c10d_logger.py:83: UserWarning: barrier(): using the device under current context. You can specify `device_id` in `init_process_group` to mute this warning.
  return func(*args, **kwargs)
PROGRESS {"progress": 0.740640625, "step": 19170, "elapsed_min": 222.19, "lr": 0.00016392703599238867, "loss": 0.0, "img_per_s": 0.0, "mem_gb": [6.99, 6.99]}
PROGRESS {"progress": 0.7419363606770834, "step": 19200, "elapsed_min": 222.58, "lr": 0.000162396884902437, "loss": 0.040141693751017254, "img_per_s": 1467.1912682677805, "mem_gb": [6.99, 6.99]}
PROGRESS {"progress": 0.7430966796875, "step": 19230, "elapsed_min": 222.93, "lr": 0.00016103159920525734, "loss": 0.040288945039113365, "img_per_s": 1469.0344910205652, "mem_gb": [6.99, 6.99]}
PROGRESS {"progress": 0.7442306857638888, "step": 19260, "elapsed_min": 223.27, "lr": 0.0001597018126341209, "loss": 0.04013496769799126, "img_per_s": 1480.84120389219, "mem_gb": [6.99, 6.99]}
PROGRESS {"progress": 0.7453907877604167, "step": 19290, "elapsed_min": 223.62, "lr": 0.0001583460853649003, "loss": 0.040120840072631836, "img_per_s": 1478.3913884612068, "mem_gb": [6.99, 6.99]}
PROGRESS {"progress": 0.7465539279513889, "step": 19320, "elapsed_min": 223.97, "lr": 0.00015699155837665653, "loss": 0.040076704025268556, "img_per_s": 1476.159527956768, "mem_gb": [6.99, 6.99]}
PROGRESS {"progress": 0.7477175564236112, "step": 19350, "elapsed_min": 224.32, "lr": 0.00015564124160164625, "loss": 0.03999857637617323, "img_per_s": 1474.5618731273794, "mem_gb": [6.99, 6.99]}
PROGRESS {"progress": 0.7488777126736111, "step": 19380, "elapsed_min": 224.66, "lr": 0.0001542997312713388, "loss": 0.03999222346714565, "img_per_s": 1472.907085991366, "mem_gb": [6.99, 6.99]}
PROGRESS {"progress": 0.7500184461805556, "step": 19410, "elapsed_min": 225.01, "lr": 0.00015298534872753704, "loss": 0.04002532164255778, "img_per_s": 1476.7983548971438, "mem_gb": [6.99, 6.99]}
PROGRESS {"progress": 0.7511798502604167, "step": 19440, "elapsed_min": 225.35, "lr": 0.00015165192337241004, "loss": 0.04001767900254991, "img_per_s": 1475.973703435305, "mem_gb": [6.99, 6.99]}
PROGRESS {"progress": 0.7523356662326389, "step": 19470, "elapsed_min": 225.7, "lr": 0.00015032971453111244, "loss": 0.04000358899434408, "img_per_s": 1476.0337804054707, "mem_gb": [6.99, 6.99]}
PROGRESS {"progress": 0.7534963650173611, "step": 19500, "elapsed_min": 226.05, "lr": 0.00014900675780085058, "loss": 0.04000401930375533, "img_per_s": 1475.5198571917015, "mem_gb": [6.99, 6.99]}
PROGRESS {"progress": 0.7546327582465278, "step": 19530, "elapsed_min": 226.39, "lr": 0.00014771621881645407, "loss": 0.03995855914221869, "img_per_s": 1477.6760173969071, "mem_gb": [6.99, 6.99]}
PROGRESS {"progress": 0.7557924262152778, "step": 19560, "elapsed_min": 226.74, "lr": 0.00014640407473399803, "loss": 0.03999247184166541, "img_per_s": 1477.2141402855668, "mem_gb": [6.99, 6.99]}
PROGRESS {"progress": 0.75695556640625, "step": 19590, "elapsed_min": 227.09, "lr": 0.00014509291758884937, "loss": 0.03997569765363421, "img_per_s": 1476.4992409365927, "mem_gb": [6.99, 6.99]}
PROGRESS {"progress": 0.7581200086805555, "step": 19620, "elapsed_min": 227.44, "lr": 0.00014378524222448833, "loss": 0.0399925782945421, "img_per_s": 1475.7710821168073, "mem_gb": [6.99, 6.99]}
PROGRESS {"progress": 0.7592797309027778, "step": 19650, "elapsed_min": 227.78, "lr": 0.0001424878078460681, "loss": 0.03995598951975505, "img_per_s": 1475.502445638876, "mem_gb": [6.99, 6.99]}
PROGRESS {"progress": 0.7604150390625, "step": 19680, "elapsed_min": 228.12, "lr": 0.00014122247958314423, "loss": 0.03996389052447151, "img_per_s": 1477.1165807168145, "mem_gb": [6.99, 6.99]}
PROGRESS {"progress": 0.7615746527777778, "step": 19710, "elapsed_min": 228.47, "lr": 0.0001399349751092127, "loss": 0.03996564017401801, "img_per_s": 1476.8154424002764, "mem_gb": [6.99, 6.99]}
PROGRESS {"progress": 0.7627359483506945, "step": 19740, "elapsed_min": 228.82, "lr": 0.00013865059675922484, "loss": 0.03996221642745169, "img_per_s": 1476.434343076348, "mem_gb": [6.99, 6.99]}
PROGRESS {"progress": 0.7638995768229166, "step": 19770, "elapsed_min": 229.17, "lr": 0.00013736866826469788, "loss": 0.03998012542724609, "img_per_s": 1475.9447874163611, "mem_gb": [6.99, 6.99]}
PROGRESS {"progress": 0.7650625542534722, "step": 19800, "elapsed_min": 229.52, "lr": 0.00013609250564263425, "loss": 0.039982450576055616, "img_per_s": 1475.5387515450332, "mem_gb": [6.99, 6.99]}
PROGRESS {"progress": 0.7661993272569444, "step": 19830, "elapsed_min": 229.86, "lr": 0.00013484999269881956, "loss": 0.039964369571570194, "img_per_s": 1476.6957293941675, "mem_gb": [6.99, 6.99]}
PROGRESS {"progress": 0.7673677842881944, "step": 19860, "elapsed_min": 230.21, "lr": 0.00013357790940290523, "loss": 0.03998092430225317, "img_per_s": 1475.9861839588827, "mem_gb": [6.99, 6.99]}
PROGRESS {"progress": 0.7685361328125, "step": 19890, "elapsed_min": 230.56, "lr": 0.0001323110916130383, "loss": 0.039971894688076444, "img_per_s": 1475.3473436164993, "mem_gb": [6.99, 6.99]}
PROGRESS {"progress": 0.7697015516493055, "step": 19920, "elapsed_min": 230.91, "lr": 0.00013105259590980167, "loss": 0.03998605346679687, "img_per_s": 1474.906555104186, "mem_gb": [6.99, 6.99]}
PROGRESS {"progress": 0.7708674045138889, "step": 19950, "elapsed_min": 231.26, "lr": 0.0001297987910020105, "loss": 0.03998251694899339, "img_per_s": 1474.4980438773387, "mem_gb": [6.99, 6.99]}
PROGRESS {"progress": 0.7720022243923611, "step": 19980, "elapsed_min": 231.6, "lr": 0.00012858333311335332, "loss": 0.03998588750391831, "img_per_s": 1475.550250187548, "mem_gb": [6.99, 6.99]}
PROGRESS {"progress": 0.7731689453125, "step": 20010, "elapsed_min": 231.95, "lr": 0.0001273388390643858, "loss": 0.03998115630376907, "img_per_s": 1475.0884764788823, "mem_gb": [6.99, 6.99]}
ROUND {"round": 22, "elapsed_min": 232.3, "step": 20040, "epoch": 527, "train_loss": 0.039972379837913075, "train_psnr_rgb": 32.04334366020115, "lr": 0.00012610824857562768, "img_per_s": 1475.0205145310451, "mem_gb": [6.99, 6.99], "util_pct": [100.0, 99.0], "val_psnr_y": 33.4786491394043, "val_ssim_y": 0.8844689726829529, "val_bicubic_psnr_y": 31.562559127807617, "best_val_psnr_y": 33.4786491394043}
/usr/local/lib/python3.13/dist-packages/torch/distributed/c10d_logger.py:83: UserWarning: barrier(): using the device under current context. You can specify `device_id` in `init_process_group` to mute this warning.
  return func(*args, **kwargs)
PROGRESS {"progress": 0.7743274739583333, "step": 20040, "elapsed_min": 232.3, "lr": 0.00012610824857562768, "loss": 0.0, "img_per_s": 0.0, "mem_gb": [6.99, 6.99]}
PROGRESS {"progress": 0.7756222873263889, "step": 20070, "elapsed_min": 232.69, "lr": 0.00012473900802860094, "loss": 0.03957955837249756, "img_per_s": 1467.7337703632668, "mem_gb": [6.99, 6.99]}
PROGRESS {"progress": 0.77675830078125, "step": 20100, "elapsed_min": 233.03, "lr": 0.00012354302628810385, "loss": 0.03966144720713297, "img_per_s": 1484.8219860331521, "mem_gb": [6.99, 6.99]}
PROGRESS {"progress": 0.77791943359375, "step": 20130, "elapsed_min": 233.38, "lr": 0.00012232576559867328, "loss": 0.03985891342163086, "img_per_s": 1479.7942335714056, "mem_gb": [6.99, 6.99]}
PROGRESS {"progress": 0.7790847439236112, "step": 20160, "elapsed_min": 233.73, "lr": 0.00012110939344290312, "loss": 0.03988093535105387, "img_per_s": 1475.9520548015034, "mem_gb": [6.99, 6.99]}
PROGRESS {"progress": 0.7802405598958333, "step": 20190, "elapsed_min": 234.07, "lr": 0.00011990816149811283, "loss": 0.03984559694925944, "img_per_s": 1476.0826990375722, "mem_gb": [6.99, 6.99]}
PROGRESS {"progress": 0.7813958333333333, "step": 20220, "elapsed_min": 234.42, "lr": 0.00011871271469704048, "loss": 0.03991043567657471, "img_per_s": 1476.2848825300518, "mem_gb": [6.99, 6.99]}
PROGRESS {"progress": 0.7825262586805556, "step": 20250, "elapsed_min": 234.76, "lr": 0.00011754804867122544, "loss": 0.03989696502685547, "img_per_s": 1480.9807045323923, "mem_gb": [6.99, 6.99]}
PROGRESS {"progress": 0.7836876085069444, "step": 20280, "elapsed_min": 235.11, "lr": 0.00011635675877363154, "loss": 0.03987880150477092, "img_per_s": 1479.5334407626133, "mem_gb": [6.99, 6.99]}
PROGRESS {"progress": 0.7848481987847222, "step": 20310, "elapsed_min": 235.45, "lr": 0.00011517156712799702, "loss": 0.039850404527452254, "img_per_s": 1478.5260128472132, "mem_gb": [6.99, 6.99]}
PROGRESS {"progress": 0.7860146484375, "step": 20340, "elapsed_min": 235.8, "lr": 0.00011398576618373209, "loss": 0.03988460858662923, "img_per_s": 1476.9749326685157, "mem_gb": [6.99, 6.99]}
PROGRESS {"progress": 0.7871809353298611, "step": 20370, "elapsed_min": 236.15, "lr": 0.00011280553393200167, "loss": 0.03984541459517046, "img_per_s": 1475.729186660901, "mem_gb": [6.99, 6.99]}
PROGRESS {"progress": 0.7883157552083333, "step": 20400, "elapsed_min": 236.49, "lr": 0.00011166234680573326, "loss": 0.03986584875318739, "img_per_s": 1478.0325284495611, "mem_gb": [6.99, 6.99]}
PROGRESS {"progress": 0.7894750434027777, "step": 20430, "elapsed_min": 236.84, "lr": 0.00011049982468850236, "loss": 0.03986627383109851, "img_per_s": 1477.5804287474512, "mem_gb": [6.99, 6.99]}
PROGRESS {"progress": 0.7906374782986111, "step": 20460, "elapsed_min": 237.19, "lr": 0.0001093395554087724, "loss": 0.0398629143124535, "img_per_s": 1476.9022456807365, "mem_gb": [6.99, 6.99]}
PROGRESS {"progress": 0.7918016493055555, "step": 20490, "elapsed_min": 237.54, "lr": 0.00010818299717902795, "loss": 0.039879298739963105, "img_per_s": 1476.1752829995637, "mem_gb": [6.99, 6.99]}
PROGRESS {"progress": 0.79297119140625, "step": 20520, "elapsed_min": 237.89, "lr": 0.00010702660496472656, "loss": 0.039896023273468015, "img_per_s": 1475.133992683513, "mem_gb": [6.99, 6.99]}
PROGRESS {"progress": 0.7941060112847222, "step": 20550, "elapsed_min": 238.23, "lr": 0.00010590983142555429, "loss": 0.03993698194915173, "img_per_s": 1476.771280454393, "mem_gb": [6.99, 6.99]}
PROGRESS {"progress": 0.7952672526041666, "step": 20580, "elapsed_min": 238.58, "lr": 0.00010477246264390956, "loss": 0.039941642902515555, "img_per_s": 1476.3717473701045, "mem_gb": [6.99, 6.99]}
PROGRESS {"progress": 0.79643310546875, "step": 20610, "elapsed_min": 238.93, "lr": 0.00010363609373579839, "loss": 0.03996941081264563, "img_per_s": 1475.7080888616688, "mem_gb": [6.99, 6.99]}
PROGRESS {"progress": 0.7976000434027778, "step": 20640, "elapsed_min": 239.28, "lr": 0.00010250421834498328, "loss": 0.03995934804280599, "img_per_s": 1475.0425361976263, "mem_gb": [6.99, 6.99]}
PROGRESS {"progress": 0.7987344835069444, "step": 20670, "elapsed_min": 239.62, "lr": 0.0001014092032572023, "loss": 0.039960173955039376, "img_per_s": 1476.416261510082, "mem_gb": [6.99, 6.99]}
PROGRESS {"progress": 0.7998991970486111, "step": 20700, "elapsed_min": 239.97, "lr": 0.00010029045826329476, "loss": 0.039961080840139676, "img_per_s": 1475.9087775402643, "mem_gb": [6.99, 6.99]}
PROGRESS {"progress": 0.8010641276041667, "step": 20730, "elapsed_min": 240.32, "lr": 9.917708559180017e-05, "loss": 0.039967802296514095, "img_per_s": 1475.430735364893, "mem_gb": [6.99, 6.99]}
PROGRESS {"progress": 0.8022281901041667, "step": 20760, "elapsed_min": 240.67, "lr": 9.807013311629957e-05, "loss": 0.03998003005981445, "img_per_s": 1475.0425733469287, "mem_gb": [6.99, 6.99]}
PROGRESS {"progress": 0.80339599609375, "step": 20790, "elapsed_min": 241.02, "lr": 9.696525178188564e-05, "loss": 0.0399700444539388, "img_per_s": 1474.492248188145, "mem_gb": [6.99, 6.99]}
PROGRESS {"progress": 0.8045309787326389, "step": 20820, "elapsed_min": 241.36, "lr": 9.589684432234354e-05, "loss": 0.039974127060327776, "img_per_s": 1475.59701973399, "mem_gb": [6.99, 6.99]}
PROGRESS {"progress": 0.8056971028645833, "step": 20850, "elapsed_min": 241.71, "lr": 9.480470081919805e-05, "loss": 0.03997582800594377, "img_per_s": 1475.1437797775332, "mem_gb": [6.99, 6.99]}
PROGRESS {"progress": 0.8068583984375, "step": 20880, "elapsed_min": 242.06, "lr": 9.372271375300476e-05, "loss": 0.03997330892653692, "img_per_s": 1474.9460572085916, "mem_gb": [6.99, 6.99]}
ROUND {"round": 23, "elapsed_min": 242.41, "step": 20910, "epoch": 550, "train_loss": 0.03994949603902882, "train_psnr_rgb": 32.04940732758621, "lr": 9.263748732829468e-05, "img_per_s": 1474.3414520730162, "mem_gb": [6.99, 6.99], "util_pct": [81.0, 100.0], "val_psnr_y": 33.483280181884766, "val_ssim_y": 0.8845428228378296, "val_bicubic_psnr_y": 31.562559127807617, "best_val_psnr_y": 33.483280181884766}
/usr/local/lib/python3.13/dist-packages/torch/distributed/c10d_logger.py:83: UserWarning: barrier(): using the device under current context. You can specify `device_id` in `init_process_group` to mute this warning.
  return func(*args, **kwargs)
PROGRESS {"progress": 0.808029296875, "step": 20910, "elapsed_min": 242.41, "lr": 9.263748732829468e-05, "loss": 0.0, "img_per_s": 0.0, "mem_gb": [6.99, 6.99]}
PROGRESS {"progress": 0.8093223741319444, "step": 20940, "elapsed_min": 242.8, "lr": 9.144569940959432e-05, "loss": 0.039964787165323895, "img_per_s": 1469.6806327159604, "mem_gb": [6.99, 6.99]}
PROGRESS {"progress": 0.8104583875868056, "step": 20970, "elapsed_min": 243.14, "lr": 9.040447145066494e-05, "loss": 0.04005963404973348, "img_per_s": 1485.8575283799364, "mem_gb": [6.99, 6.99]}
PROGRESS {"progress": 0.8116258680555556, "step": 21000, "elapsed_min": 243.49, "lr": 8.934006893433137e-05, "loss": 0.040009252230326336, "img_per_s": 1477.7323352393314, "mem_gb": [6.99, 6.99]}
PROGRESS {"progress": 0.8127900390625, "step": 21030, "elapsed_min": 243.84, "lr": 8.828441833845441e-05, "loss": 0.03997773329416911, "img_per_s": 1474.7885833978078, "mem_gb": [6.99, 6.99]}
PROGRESS {"progress": 0.8139478081597222, "step": 21060, "elapsed_min": 244.18, "lr": 8.724026682019478e-05, "loss": 0.04009821573893229, "img_per_s": 1474.64349097707, "mem_gb": [6.99, 6.99]}
PROGRESS {"progress": 0.8151038411458333, "step": 21090, "elapsed_min": 244.53, "lr": 8.620336087961547e-05, "loss": 0.04007850752936469, "img_per_s": 1475.0084938698935, "mem_gb": [6.99, 6.99]}
PROGRESS {"progress": 0.8162352430555555, "step": 21120, "elapsed_min": 244.87, "lr": 8.51940570026833e-05, "loss": 0.040099502745128815, "img_per_s": 1479.6371208222602, "mem_gb": [6.99, 6.99]}
PROGRESS {"progress": 0.8173912217881945, "step": 21150, "elapsed_min": 245.22, "lr": 8.41684711960976e-05, "loss": 0.040037421385447185, "img_per_s": 1479.2211231308102, "mem_gb": [6.99, 6.99]}
PROGRESS {"progress": 0.8185482855902778, "step": 21180, "elapsed_min": 245.56, "lr": 8.314764800679211e-05, "loss": 0.04006302798235858, "img_per_s": 1478.747188854239, "mem_gb": [6.99, 6.99]}
PROGRESS {"progress": 0.8197127821180555, "step": 21210, "elapsed_min": 245.91, "lr": 8.212606476706228e-05, "loss": 0.04001154581705729, "img_per_s": 1477.4239070929698, "mem_gb": [6.99, 6.99]}
PROGRESS {"progress": 0.82084912109375, "step": 21240, "elapsed_min": 246.25, "lr": 8.113480382581033e-05, "loss": 0.04003046787146366, "img_per_s": 1479.6174807828108, "mem_gb": [6.99, 6.99]}
PROGRESS {"progress": 0.8220130750868055, "step": 21270, "elapsed_min": 246.6, "lr": 8.012522299728459e-05, "loss": 0.040021199650234644, "img_per_s": 1478.4879965486844, "mem_gb": [6.99, 6.99]}
PROGRESS {"progress": 0.8231769748263889, "step": 21300, "elapsed_min": 246.95, "lr": 7.912154150522342e-05, "loss": 0.04001291715181791, "img_per_s": 1477.5483227873337, "mem_gb": [6.99, 6.99]}
PROGRESS {"progress": 0.8243434787326389, "step": 21330, "elapsed_min": 247.3, "lr": 7.812150015435715e-05, "loss": 0.04001964387439546, "img_per_s": 1476.5065985016736, "mem_gb": [6.99, 6.99]}
PROGRESS {"progress": 0.8255003797743056, "step": 21360, "elapsed_min": 247.65, "lr": 7.713552492668877e-05, "loss": 0.0400224855211046, "img_per_s": 1476.4172689889601, "mem_gb": [6.99, 6.99]}
PROGRESS {"progress": 0.82663623046875, "step": 21390, "elapsed_min": 247.99, "lr": 7.617315502153058e-05, "loss": 0.03999176025390625, "img_per_s": 1478.0288178798319, "mem_gb": [6.99, 6.99]}
PROGRESS {"progress": 0.8277998589409722, "step": 21420, "elapsed_min": 248.34, "lr": 7.519308393564393e-05, "loss": 0.039978431252872246, "img_per_s": 1477.3526922872247, "mem_gb": [6.99, 6.99]}
PROGRESS {"progress": 0.8289645182291666, "step": 21450, "elapsed_min": 248.69, "lr": 7.421807055510433e-05, "loss": 0.03997942253395363, "img_per_s": 1476.6811058204519, "mem_gb": [6.99, 6.99]}
PROGRESS {"progress": 0.8301271701388889, "step": 21480, "elapsed_min": 249.04, "lr": 7.325066444771966e-05, "loss": 0.039974430151153026, "img_per_s": 1476.21793128876, "mem_gb": [6.99, 6.99]}
PROGRESS {"progress": 0.8312902018229167, "step": 21510, "elapsed_min": 249.39, "lr": 7.228888035000761e-05, "loss": 0.03998554229736328, "img_per_s": 1475.7755140261465, "mem_gb": [6.99, 6.99]}
PROGRESS {"progress": 0.8324258355034723, "step": 21540, "elapsed_min": 249.73, "lr": 7.135549694923913e-05, "loss": 0.039981451488676524, "img_per_s": 1477.044573738828, "mem_gb": [6.99, 6.99]}
PROGRESS {"progress": 0.8335846354166667, "step": 21570, "elapsed_min": 250.08, "lr": 7.040893597796434e-05, "loss": 0.039976773117527814, "img_per_s": 1476.8482635007535, "mem_gb": [6.99, 6.99]}
PROGRESS {"progress": 0.8347433810763889, "step": 21600, "elapsed_min": 250.42, "lr": 6.946835395695837e-05, "loss": 0.039960103795148326, "img_per_s": 1476.67404181164, "mem_gb": [6.99, 6.99]}
PROGRESS {"progress": 0.8359046766493056, "step": 21630, "elapsed_min": 250.77, "lr": 6.853166923835391e-05, "loss": 0.039954408009847, "img_per_s": 1476.378578610551, "mem_gb": [6.99, 6.99]}
PROGRESS {"progress": 0.8370606011284722, "step": 21660, "elapsed_min": 251.12, "lr": 6.760526193891574e-05, "loss": 0.03996251169840495, "img_per_s": 1475.9952957434532, "mem_gb": [6.99, 6.99]}
PROGRESS {"progress": 0.8382010633680556, "step": 21690, "elapsed_min": 251.46, "lr": 6.669707207860208e-05, "loss": 0.039960244985727165, "img_per_s": 1477.1475582226303, "mem_gb": [6.99, 6.99]}
PROGRESS {"progress": 0.8393649088541667, "step": 21720, "elapsed_min": 251.81, "lr": 6.577623926386722e-05, "loss": 0.039964873702437786, "img_per_s": 1476.7430083011634, "mem_gb": [6.99, 6.99]}
PROGRESS {"progress": 0.8405236545138889, "step": 21750, "elapsed_min": 252.16, "lr": 6.486545302343129e-05, "loss": 0.03996622903006417, "img_per_s": 1476.6046346603719, "mem_gb": [6.99, 6.99]}
ROUND {"round": 24, "elapsed_min": 252.51, "step": 21780, "epoch": 573, "train_loss": 0.0399365392224542, "train_psnr_rgb": 32.05335398706897, "lr": 6.395831338791425e-05, "img_per_s": 1476.3409874423794, "mem_gb": [6.99, 6.99], "util_pct": [100.0, 99.0], "val_psnr_y": 33.486690521240234, "val_ssim_y": 0.8845890164375305, "val_bicubic_psnr_y": 31.562559127807617, "best_val_psnr_y": 33.486690521240234}
/usr/local/lib/python3.13/dist-packages/torch/distributed/c10d_logger.py:83: UserWarning: barrier(): using the device under current context. You can specify `device_id` in `init_process_group` to mute this warning.
  return func(*args, **kwargs)
PROGRESS {"progress": 0.8416854383680555, "step": 21780, "elapsed_min": 252.51, "lr": 6.395831338791425e-05, "loss": 0.0, "img_per_s": 0.0, "mem_gb": [6.99, 6.99]}
PROGRESS {"progress": 0.8429484592013889, "step": 21810, "elapsed_min": 252.88, "lr": 6.297899627173738e-05, "loss": 0.039855551719665525, "img_per_s": 1507.2956987255482, "mem_gb": [6.99, 6.99]}
PROGRESS {"progress": 0.8441092664930555, "step": 21840, "elapsed_min": 253.23, "lr": 6.208525804211122e-05, "loss": 0.039967433611551924, "img_per_s": 1488.5180048829423, "mem_gb": [6.99, 6.99]}
PROGRESS {"progress": 0.8452727322048611, "step": 21870, "elapsed_min": 253.58, "lr": 6.119556479201279e-05, "loss": 0.039879372384813094, "img_per_s": 1481.236821432792, "mem_gb": [6.99, 6.99]}
PROGRESS {"progress": 0.8464342447916666, "step": 21900, "elapsed_min": 253.93, "lr": 6.031346080162804e-05, "loss": 0.039897036552429196, "img_per_s": 1478.2515136640654, "mem_gb": [6.99, 6.99]}
PROGRESS {"progress": 0.8475989040798612, "step": 21930, "elapsed_min": 254.28, "lr": 5.943509473661435e-05, "loss": 0.03989061991373698, "img_per_s": 1475.6572104450645, "mem_gb": [6.99, 6.99]}
PROGRESS {"progress": 0.8487313910590277, "step": 21960, "elapsed_min": 254.62, "lr": 5.8586888150501024e-05, "loss": 0.03994880782233344, "img_per_s": 1480.7924543666368, "mem_gb": [6.99, 6.99]}
PROGRESS {"progress": 0.8498917643229167, "step": 21990, "elapsed_min": 254.97, "lr": 5.7723836760760754e-05, "loss": 0.040016006288074314, "img_per_s": 1479.3578202729384, "mem_gb": [6.99, 6.99]}
PROGRESS {"progress": 0.8510519205729167, "step": 22020, "elapsed_min": 255.32, "lr": 5.686707176213084e-05, "loss": 0.04002951780954997, "img_per_s": 1478.3129184384889, "mem_gb": [6.99, 6.99]}
PROGRESS {"progress": 0.8522199435763889, "step": 22050, "elapsed_min": 255.67, "lr": 5.601069607854248e-05, "loss": 0.03998739454481337, "img_per_s": 1476.3843587234237, "mem_gb": [6.99, 6.99]}
PROGRESS {"progress": 0.8533843858506944, "step": 22080, "elapsed_min": 256.02, "lr": 5.516314885547867e-05, "loss": 0.04002899487813314, "img_per_s": 1475.3088459786652, "mem_gb": [6.99, 6.99]}
PROGRESS {"progress": 0.8545198567708333, "step": 22110, "elapsed_min": 256.36, "lr": 5.4342664296213174e-05, "loss": 0.04003234343095259, "img_per_s": 1477.7914115889619, "mem_gb": [6.99, 6.99]}
PROGRESS {"progress": 0.8556877170138889, "step": 22140, "elapsed_min": 256.71, "lr": 5.3504942205581e-05, "loss": 0.040028482013278535, "img_per_s": 1476.4039998386313, "mem_gb": [6.99, 6.99]}
PROGRESS {"progress": 0.85685498046875, "step": 22170, "elapsed_min": 257.06, "lr": 5.267390854696431e-05, "loss": 0.04004934262006711, "img_per_s": 1475.2959618032014, "mem_gb": [6.99, 6.99]}
PROGRESS {"progress": 0.8580169270833333, "step": 22200, "elapsed_min": 257.41, "lr": 5.185288780607533e-05, "loss": 0.04001654670352028, "img_per_s": 1474.8289288594763, "mem_gb": [6.99, 6.99]}
PROGRESS {"progress": 0.8591818576388889, "step": 22230, "elapsed_min": 257.75, "lr": 5.1036007433160286e-05, "loss": 0.03998932308620877, "img_per_s": 1474.204378786238, "mem_gb": [6.99, 6.99]}
PROGRESS {"progress": 0.8603128255208333, "step": 22260, "elapsed_min": 258.09, "lr": 5.024893922359682e-05, "loss": 0.03998590310414632, "img_per_s": 1476.3091763840694, "mem_gb": [6.99, 6.99]}
PROGRESS {"progress": 0.8614704318576389, "step": 22290, "elapsed_min": 258.44, "lr": 4.94494618603437e-05, "loss": 0.04000591951258042, "img_per_s": 1476.186814282096, "mem_gb": [6.99, 6.99]}
PROGRESS {"progress": 0.862634765625, "step": 22320, "elapsed_min": 258.79, "lr": 4.8651604072372986e-05, "loss": 0.0400022789284035, "img_per_s": 1475.6029521557489, "mem_gb": [6.99, 6.99]}
PROGRESS {"progress": 0.8637969835069444, "step": 22350, "elapsed_min": 259.14, "lr": 4.786147402250639e-05, "loss": 0.03999242949904057, "img_per_s": 1475.2242907077966, "mem_gb": [6.99, 6.99]}
PROGRESS {"progress": 0.8649319661458333, "step": 22380, "elapsed_min": 259.48, "lr": 4.7095923647624675e-05, "loss": 0.039998321533203124, "img_per_s": 1476.6257495388177, "mem_gb": [6.99, 6.99]}
PROGRESS {"progress": 0.8660943467881944, "step": 22410, "elapsed_min": 259.83, "lr": 4.6318114584719235e-05, "loss": 0.03999095492892795, "img_per_s": 1476.2230074433103, "mem_gb": [6.99, 6.99]}
PROGRESS {"progress": 0.8672609592013889, "step": 22440, "elapsed_min": 260.18, "lr": 4.5543814603464186e-05, "loss": 0.040001028234308414, "img_per_s": 1475.613364840963, "mem_gb": [6.99, 6.99]}
PROGRESS {"progress": 0.868423828125, "step": 22470, "elapsed_min": 260.53, "lr": 4.477833174819112e-05, "loss": 0.039985333318295686, "img_per_s": 1475.2641517477018, "mem_gb": [6.99, 6.99]}
PROGRESS {"progress": 0.8695832790798611, "step": 22500, "elapsed_min": 260.87, "lr": 4.402140392084849e-05, "loss": 0.03998519844479031, "img_per_s": 1475.1266446199447, "mem_gb": [6.99, 6.99]}
PROGRESS {"progress": 0.8707200520833334, "step": 22530, "elapsed_min": 261.22, "lr": 4.328540339615405e-05, "loss": 0.03998674519856771, "img_per_s": 1476.157321330565, "mem_gb": [6.99, 6.99]}
PROGRESS {"progress": 0.8718776584201389, "step": 22560, "elapsed_min": 261.56, "lr": 4.254215414306865e-05, "loss": 0.03998860823802459, "img_per_s": 1476.086271841559, "mem_gb": [6.99, 6.99]}
PROGRESS {"progress": 0.8730431857638888, "step": 22590, "elapsed_min": 261.91, "lr": 4.1800190640013276e-05, "loss": 0.03998949027355806, "img_per_s": 1475.6494724828865, "mem_gb": [6.99, 6.99]}
PROGRESS {"progress": 0.8742044270833333, "step": 22620, "elapsed_min": 262.26, "lr": 4.106732383439642e-05, "loss": 0.03999181929088774, "img_per_s": 1475.431201943343, "mem_gb": [6.99, 6.99]}
ROUND {"round": 25, "elapsed_min": 262.61, "step": 22650, "epoch": 596, "train_loss": 0.03992853274290589, "train_psnr_rgb": 32.05545752514368, "lr": 4.0337005159617474e-05, "img_per_s": 1474.9628969076866, "mem_gb": [6.99, 6.99], "util_pct": [100.0, 100.0], "val_psnr_y": 33.48957443237305, "val_ssim_y": 0.8846343755722046, "val_bicubic_psnr_y": 31.562559127807617, "best_val_psnr_y": 33.48957443237305}
/usr/local/lib/python3.13/dist-packages/torch/distributed/c10d_logger.py:83: UserWarning: barrier(): using the device under current context. You can specify `device_id` in `init_process_group` to mute this warning.
  return func(*args, **kwargs)
PROGRESS {"progress": 0.8753717990451388, "step": 22650, "elapsed_min": 262.61, "lr": 4.0337005159617474e-05, "loss": 0.0, "img_per_s": 0.0, "mem_gb": [6.99, 6.99]}
PROGRESS {"progress": 0.8766400282118055, "step": 22680, "elapsed_min": 262.99, "lr": 3.955089314584198e-05, "loss": 0.04031126499176026, "img_per_s": 1501.258653653997, "mem_gb": [6.99, 6.99]}
PROGRESS {"progress": 0.87779833984375, "step": 22710, "elapsed_min": 263.34, "lr": 3.8839570272573594e-05, "loss": 0.04013481934865316, "img_per_s": 1487.1881988957673, "mem_gb": [6.99, 6.99]}
PROGRESS {"progress": 0.8789599609375, "step": 22740, "elapsed_min": 263.69, "lr": 3.813260768848717e-05, "loss": 0.04011007679833306, "img_per_s": 1481.1605164745465, "mem_gb": [6.99, 6.99]}
PROGRESS {"progress": 0.8801252712673611, "step": 22770, "elapsed_min": 264.04, "lr": 3.7429841975575195e-05, "loss": 0.04017513195673625, "img_per_s": 1476.9696622791164, "mem_gb": [6.99, 6.99]}
PROGRESS {"progress": 0.8812848849826389, "step": 22800, "elapsed_min": 264.39, "lr": 3.67369265566351e-05, "loss": 0.04008880615234375, "img_per_s": 1473.6459644346878, "mem_gb": [6.99, 6.99]}
PROGRESS {"progress": 0.8824289822048611, "step": 22830, "elapsed_min": 264.73, "lr": 3.6059563463267515e-05, "loss": 0.04005571206410726, "img_per_s": 1478.538651605896, "mem_gb": [6.99, 6.99]}
PROGRESS {"progress": 0.8835913628472222, "step": 22860, "elapsed_min": 265.08, "lr": 3.537777372329959e-05, "loss": 0.04004597890944708, "img_per_s": 1477.0551877071402, "mem_gb": [6.99, 6.99]}
PROGRESS {"progress": 0.8847503255208333, "step": 22890, "elapsed_min": 265.43, "lr": 3.470441850422991e-05, "loss": 0.040060404936472574, "img_per_s": 1476.491297918298, "mem_gb": [6.99, 6.99]}
PROGRESS {"progress": 0.8859137369791666, "step": 22920, "elapsed_min": 265.77, "lr": 3.403494519074647e-05, "loss": 0.03999012134693287, "img_per_s": 1475.429130102919, "mem_gb": [6.99, 6.99]}
PROGRESS {"progress": 0.8870461697048612, "step": 22950, "elapsed_min": 266.11, "lr": 3.33895296731595e-05, "loss": 0.040004908243815106, "img_per_s": 1478.5351181231356, "mem_gb": [6.99, 6.99]}
PROGRESS {"progress": 0.8882075737847223, "step": 22980, "elapsed_min": 266.46, "lr": 3.2733996524969104e-05, "loss": 0.03999781753077652, "img_per_s": 1477.7052199510983, "mem_gb": [6.99, 6.99]}
PROGRESS {"progress": 0.8893641493055555, "step": 23010, "elapsed_min": 266.81, "lr": 3.2087632367230594e-05, "loss": 0.039984077877468535, "img_per_s": 1477.5292465366517, "mem_gb": [6.99, 6.99]}
PROGRESS {"progress": 0.8905219184027777, "step": 23040, "elapsed_min": 267.16, "lr": 3.1447050215476714e-05, "loss": 0.039974129505646536, "img_per_s": 1477.2654301919513, "mem_gb": [6.99, 6.99]}
PROGRESS {"progress": 0.8916878255208334, "step": 23070, "elapsed_min": 267.51, "lr": 3.080849487741699e-05, "loss": 0.03997665586925688, "img_per_s": 1476.2984927891612, "mem_gb": [6.99, 6.99]}
PROGRESS {"progress": 0.8928230794270834, "step": 23100, "elapsed_min": 267.85, "lr": 3.0193032691872755e-05, "loss": 0.0399808841281467, "img_per_s": 1478.0723479032126, "mem_gb": [6.99, 6.99]}
PROGRESS {"progress": 0.8939877387152778, "step": 23130, "elapsed_min": 268.2, "lr": 2.9568101906905666e-05, "loss": 0.03998673359553019, "img_per_s": 1477.2713692327227, "mem_gb": [6.99, 6.99]}
PROGRESS {"progress": 0.8951561414930556, "step": 23160, "elapsed_min": 268.55, "lr": 2.89477586602847e-05, "loss": 0.03998623642266965, "img_per_s": 1476.284207442716, "mem_gb": [6.99, 6.99]}
PROGRESS {"progress": 0.8963238932291666, "step": 23190, "elapsed_min": 268.9, "lr": 2.833437103378003e-05, "loss": 0.03999896226105867, "img_per_s": 1475.4543142564626, "mem_gb": [6.99, 6.99]}
PROGRESS {"progress": 0.8974895290798611, "step": 23220, "elapsed_min": 269.25, "lr": 2.7728693561508778e-05, "loss": 0.039998522975988555, "img_per_s": 1474.853630465838, "mem_gb": [6.99, 6.99]}
PROGRESS {"progress": 0.8986194118923612, "step": 23250, "elapsed_min": 269.59, "lr": 2.714789429496487e-05, "loss": 0.039992268880208334, "img_per_s": 1476.5975532709128, "mem_gb": [6.99, 6.99]}
PROGRESS {"progress": 0.8997755533854167, "step": 23280, "elapsed_min": 269.93, "lr": 2.656002546676418e-05, "loss": 0.03997946239653088, "img_per_s": 1476.5772073001294, "mem_gb": [6.99, 6.99]}
PROGRESS {"progress": 0.9009391276041666, "step": 23310, "elapsed_min": 270.28, "lr": 2.5974950387813795e-05, "loss": 0.03996362975149444, "img_per_s": 1476.1258971790796, "mem_gb": [6.99, 6.99]}
PROGRESS {"progress": 0.9021034613715277, "step": 23340, "elapsed_min": 270.63, "lr": 2.539610214333348e-05, "loss": 0.03994971842005633, "img_per_s": 1475.672845722315, "mem_gb": [6.99, 6.99]}
PROGRESS {"progress": 0.9032702365451389, "step": 23370, "elapsed_min": 270.98, "lr": 2.4822679966664006e-05, "loss": 0.03995356294843885, "img_per_s": 1475.140077012954, "mem_gb": [6.99, 6.99]}
PROGRESS {"progress": 0.9044069552951389, "step": 23400, "elapsed_min": 271.32, "lr": 2.4270429072232147e-05, "loss": 0.039954994201660154, "img_per_s": 1476.1642138461236, "mem_gb": [6.99, 6.99]}
PROGRESS {"progress": 0.9055736219618056, "step": 23430, "elapsed_min": 271.67, "lr": 2.3710204452819944e-05, "loss": 0.039963864057491985, "img_per_s": 1475.648345604064, "mem_gb": [6.99, 6.99]}
PROGRESS {"progress": 0.9067327473958333, "step": 23460, "elapsed_min": 272.02, "lr": 2.3160205642939755e-05, "loss": 0.03995912339952257, "img_per_s": 1475.5268935928025, "mem_gb": [6.99, 6.99]}
PROGRESS {"progress": 0.9078953993055555, "step": 23490, "elapsed_min": 272.37, "lr": 2.2615154416256796e-05, "loss": 0.039968590509323845, "img_per_s": 1475.2522826311006, "mem_gb": [6.99, 6.99]}
ROUND {"round": 26, "elapsed_min": 272.71, "step": 23520, "epoch": 618, "train_loss": 0.039916470407069415, "train_psnr_rgb": 32.060546875, "lr": 2.2090077328280813e-05, "img_per_s": 1476.2716447175003, "mem_gb": [6.99, 6.99], "util_pct": [100.0, 100.0], "val_psnr_y": 33.49189376831055, "val_ssim_y": 0.8846703171730042, "val_bicubic_psnr_y": 31.562559127807617, "best_val_psnr_y": 33.49189376831055}
/usr/local/lib/python3.13/dist-packages/torch/distributed/c10d_logger.py:83: UserWarning: barrier(): using the device under current context. You can specify `device_id` in `init_process_group` to mute this warning.
  return func(*args, **kwargs)
PROGRESS {"progress": 0.9090290798611111, "step": 23520, "elapsed_min": 272.71, "lr": 2.2090077328280813e-05, "loss": 0.0, "img_per_s": 0.0, "mem_gb": [6.99, 6.99]}
PROGRESS {"progress": 0.9103200954861111, "step": 23550, "elapsed_min": 273.1, "lr": 2.149982404997636e-05, "loss": 0.039944036801656084, "img_per_s": 1471.4736796064071, "mem_gb": [6.99, 6.99]}
PROGRESS {"progress": 0.9114845920138889, "step": 23580, "elapsed_min": 273.45, "lr": 2.097445284951252e-05, "loss": 0.03984517653783162, "img_per_s": 1468.5506947474466, "mem_gb": [6.99, 6.99]}
PROGRESS {"progress": 0.9126504991319444, "step": 23610, "elapsed_min": 273.8, "lr": 2.04551398432139e-05, "loss": 0.03983050717247857, "img_per_s": 1466.9443504360802, "mem_gb": [6.99, 6.99]}
PROGRESS {"progress": 0.9138148871527778, "step": 23640, "elapsed_min": 274.14, "lr": 1.994319625892738e-05, "loss": 0.03984839916229248, "img_per_s": 1466.6267217564769, "mem_gb": [6.99, 6.99]}
PROGRESS {"progress": 0.9149497612847223, "step": 23670, "elapsed_min": 274.48, "lr": 1.945067206189929e-05, "loss": 0.03982784589131673, "img_per_s": 1473.9243892239033, "mem_gb": [6.99, 6.99]}
PROGRESS {"progress": 0.9161151258680555, "step": 23700, "elapsed_min": 274.83, "lr": 1.8951541217197986e-05, "loss": 0.03985597027672662, "img_per_s": 1472.3488425671158, "mem_gb": [6.99, 6.99]}
PROGRESS {"progress": 0.9172787543402777, "step": 23730, "elapsed_min": 275.18, "lr": 1.845985958377467e-05, "loss": 0.039871874309721445, "img_per_s": 1471.5358202249104, "mem_gb": [6.99, 6.99]}
PROGRESS {"progress": 0.9184388020833333, "step": 23760, "elapsed_min": 275.53, "lr": 1.797636749599248e-05, "loss": 0.03989477554957072, "img_per_s": 1471.4945068961592, "mem_gb": [6.99, 6.99]}
PROGRESS {"progress": 0.9196024305555556, "step": 23790, "elapsed_min": 275.88, "lr": 1.7498086886778182e-05, "loss": 0.03990264468722873, "img_per_s": 1470.9585091305873, "mem_gb": [6.99, 6.99]}
PROGRESS {"progress": 0.9207318793402778, "step": 23820, "elapsed_min": 276.22, "lr": 1.7040282562836284e-05, "loss": 0.03989051818847656, "img_per_s": 1474.8783267052547, "mem_gb": [6.99, 6.99]}
PROGRESS {"progress": 0.9218920355902778, "step": 23850, "elapsed_min": 276.57, "lr": 1.6576630146794803e-05, "loss": 0.03989980004050515, "img_per_s": 1474.5217019038164, "mem_gb": [6.99, 6.99]}
PROGRESS {"progress": 0.9230563151041666, "step": 23880, "elapsed_min": 276.92, "lr": 1.6118059168650394e-05, "loss": 0.03990025520324707, "img_per_s": 1473.7958686855764, "mem_gb": [6.99, 6.99]}
PROGRESS {"progress": 0.9242124565972222, "step": 23910, "elapsed_min": 277.26, "lr": 1.5669370493786602e-05, "loss": 0.03989859360914964, "img_per_s": 1473.9810583548463, "mem_gb": [6.99, 6.99]}
PROGRESS {"progress": 0.9253716362847222, "step": 23940, "elapsed_min": 277.61, "lr": 1.5226188769746472e-05, "loss": 0.039892173948742095, "img_per_s": 1473.891280369259, "mem_gb": [6.99, 6.99]}
PROGRESS {"progress": 0.9265053168402778, "step": 23970, "elapsed_min": 277.95, "lr": 1.4799237373007133e-05, "loss": 0.03993136935763889, "img_per_s": 1475.9272438135474, "mem_gb": [6.99, 6.99]}
PROGRESS {"progress": 0.9276688368055556, "step": 24000, "elapsed_min": 278.3, "lr": 1.4367718817340521e-05, "loss": 0.03994051615397135, "img_per_s": 1475.3540864281272, "mem_gb": [6.99, 6.99]}
PROGRESS {"progress": 0.9288275824652777, "step": 24030, "elapsed_min": 278.65, "lr": 1.3944692499401808e-05, "loss": 0.039934580933813954, "img_per_s": 1475.2031202603637, "mem_gb": [6.99, 6.99]}
PROGRESS {"progress": 0.9299930555555556, "step": 24060, "elapsed_min": 279.0, "lr": 1.3525982373112805e-05, "loss": 0.03993392873693396, "img_per_s": 1474.5982041147981, "mem_gb": [6.99, 6.99]}
PROGRESS {"progress": 0.9311281467013889, "step": 24090, "elapsed_min": 279.34, "lr": 1.3124721408170521e-05, "loss": 0.039955062196965804, "img_per_s": 1476.092417470735, "mem_gb": [6.99, 6.99]}
PROGRESS {"progress": 0.9322948133680555, "step": 24120, "elapsed_min": 279.69, "lr": 1.2719023292197665e-05, "loss": 0.03995531400044759, "img_per_s": 1475.426245586192, "mem_gb": [6.99, 6.99]}
PROGRESS {"progress": 0.933462890625, "step": 24150, "elapsed_min": 280.04, "lr": 1.2319669882407854e-05, "loss": 0.039966658940390934, "img_per_s": 1474.7381620593449, "mem_gb": [6.99, 6.99]}
PROGRESS {"progress": 0.9346220703125, "step": 24180, "elapsed_min": 280.39, "lr": 1.1930125386938545e-05, "loss": 0.03997015230583422, "img_per_s": 1474.6252641384679, "mem_gb": [6.99, 6.99]}
PROGRESS {"progress": 0.9357786458333334, "step": 24210, "elapsed_min": 280.73, "lr": 1.1548179755101639e-05, "loss": 0.03996628471042799, "img_per_s": 1474.6694877485509, "mem_gb": [6.99, 6.99]}
PROGRESS {"progress": 0.9369083116319444, "step": 24240, "elapsed_min": 281.07, "lr": 1.1181609370656503e-05, "loss": 0.039969476064046223, "img_per_s": 1476.1381391415282, "mem_gb": [6.99, 6.99]}
PROGRESS {"progress": 0.9380720486111112, "step": 24270, "elapsed_min": 281.42, "lr": 1.081069345326831e-05, "loss": 0.039969815572102864, "img_per_s": 1475.7420255423608, "mem_gb": [6.99, 6.99]}
PROGRESS {"progress": 0.939232421875, "step": 24300, "elapsed_min": 281.77, "lr": 1.0447635303181829e-05, "loss": 0.03994075579520984, "img_per_s": 1475.5610652827916, "mem_gb": [6.99, 6.99]}
PROGRESS {"progress": 0.9403957248263889, "step": 24330, "elapsed_min": 282.12, "lr": 1.0090467080751517e-05, "loss": 0.03995606222270447, "img_per_s": 1475.244699662027, "mem_gb": [6.99, 6.99]}
PROGRESS {"progress": 0.9415598958333333, "step": 24360, "elapsed_min": 282.47, "lr": 9.739860090912914e-06, "loss": 0.039958436148507255, "img_per_s": 1474.9110475939722, "mem_gb": [6.99, 6.99]}
ROUND {"round": 27, "elapsed_min": 282.81, "step": 24390, "epoch": 641, "train_loss": 0.03991349318931842, "train_psnr_rgb": 32.06029319324713, "lr": 9.40509991762462e-06, "img_per_s": 1475.9618719321738, "mem_gb": [6.99, 6.99], "util_pct": [100.0, 100.0], "val_psnr_y": 33.493404388427734, "val_ssim_y": 0.8846924304962158, "val_bicubic_psnr_y": 31.562559127807617, "best_val_psnr_y": 33.493404388427734}
/usr/local/lib/python3.13/dist-packages/torch/distributed/c10d_logger.py:83: UserWarning: barrier(): using the device under current context. You can specify `device_id` in `init_process_group` to mute this warning.
  return func(*args, **kwargs)
PROGRESS {"progress": 0.9426932508680556, "step": 24390, "elapsed_min": 282.81, "lr": 9.40509991762462e-06, "loss": 0.0, "img_per_s": 0.0, "mem_gb": [6.99, 6.99]}
PROGRESS {"progress": 0.9439855685763889, "step": 24420, "elapsed_min": 283.2, "lr": 9.031297171654692e-06, "loss": 0.039913058280944824, "img_per_s": 1469.633009141723, "mem_gb": [6.99, 6.99]}
PROGRESS {"progress": 0.9451483289930556, "step": 24450, "elapsed_min": 283.54, "lr": 8.702177566929895e-06, "loss": 0.04000052611033122, "img_per_s": 1468.7086657736827, "mem_gb": [6.99, 6.99]}
PROGRESS {"progress": 0.9463171657986111, "step": 24480, "elapsed_min": 283.9, "lr": 8.378224745881622e-06, "loss": 0.039940312173631455, "img_per_s": 1465.8448927330112, "mem_gb": [6.99, 6.99]}
PROGRESS {"progress": 0.9474813368055556, "step": 24510, "elapsed_min": 284.24, "lr": 8.062432962871217e-06, "loss": 0.03989094098409017, "img_per_s": 1466.0078434519937, "mem_gb": [6.99, 6.99]}
PROGRESS {"progress": 0.9486157769097222, "step": 24540, "elapsed_min": 284.58, "lr": 7.761303963407942e-06, "loss": 0.03992780049641927, "img_per_s": 1473.4299570582407, "mem_gb": [6.99, 6.99]}
PROGRESS {"progress": 0.9497791883680555, "step": 24570, "elapsed_min": 284.93, "lr": 7.459253208146853e-06, "loss": 0.03987925582461887, "img_per_s": 1472.3557995012004, "mem_gb": [6.99, 6.99]}
PROGRESS {"progress": 0.9509395616319445, "step": 24600, "elapsed_min": 285.28, "lr": 7.164822385829137e-06, "loss": 0.03989800044468471, "img_per_s": 1472.1119871135922, "mem_gb": [6.99, 6.99]}
PROGRESS {"progress": 0.9521039496527778, "step": 24630, "elapsed_min": 285.63, "lr": 6.8762346277161925e-06, "loss": 0.03989566167195638, "img_per_s": 1471.306198378025, "mem_gb": [6.99, 6.99]}
PROGRESS {"progress": 0.95323828125, "step": 24660, "elapsed_min": 285.97, "lr": 6.60170979068526e-06, "loss": 0.039915169609917533, "img_per_s": 1474.9487562155225, "mem_gb": [6.99, 6.99]}
PROGRESS {"progress": 0.9543969184027777, "step": 24690, "elapsed_min": 286.32, "lr": 6.328044858236091e-06, "loss": 0.03989267985026042, "img_per_s": 1474.7405446656262, "mem_gb": [6.99, 6.99]}
PROGRESS {"progress": 0.9555557725694445, "step": 24720, "elapsed_min": 286.67, "lr": 6.061148004421091e-06, "loss": 0.03990997545646899, "img_per_s": 1474.5660607067286, "mem_gb": [6.99, 6.99]}
PROGRESS {"progress": 0.9567138671875, "step": 24750, "elapsed_min": 287.01, "lr": 5.801243033106935e-06, "loss": 0.03990236388312446, "img_per_s": 1474.4870206433445, "mem_gb": [6.99, 6.99]}
PROGRESS {"progress": 0.957875, "step": 24780, "elapsed_min": 287.36, "lr": 5.547501372106412e-06, "loss": 0.039897789099277596, "img_per_s": 1474.1242726401338, "mem_gb": [6.99, 6.99]}
PROGRESS {"progress": 0.9590090060763888, "step": 24810, "elapsed_min": 287.7, "lr": 5.3063068665628835e-06, "loss": 0.039904517219180154, "img_per_s": 1476.2924928872383, "mem_gb": [6.99, 6.99]}
PROGRESS {"progress": 0.9601654730902778, "step": 24840, "elapsed_min": 288.05, "lr": 5.0670749677091534e-06, "loss": 0.039894438849555125, "img_per_s": 1476.2488166174496, "mem_gb": [6.99, 6.99]}
PROGRESS {"progress": 0.9613253038194445, "step": 24870, "elapsed_min": 288.4, "lr": 4.833986213051012e-06, "loss": 0.03988486131032308, "img_per_s": 1475.9547620200917, "mem_gb": [6.99, 6.99]}
PROGRESS {"progress": 0.9624925130208334, "step": 24900, "elapsed_min": 288.75, "lr": 4.606332282088455e-06, "loss": 0.03989709218343099, "img_per_s": 1475.1333918509165, "mem_gb": [6.99, 6.99]}
PROGRESS {"progress": 0.9636586371527778, "step": 24930, "elapsed_min": 289.1, "lr": 4.385823079590611e-06, "loss": 0.03988485689516421, "img_per_s": 1474.4907126308628, "mem_gb": [6.99, 6.99]}
PROGRESS {"progress": 0.9647921006944444, "step": 24960, "elapsed_min": 289.44, "lr": 4.178134238832002e-06, "loss": 0.039895030908417284, "img_per_s": 1476.102307271081, "mem_gb": [6.99, 6.99]}
PROGRESS {"progress": 0.9659544270833333, "step": 24990, "elapsed_min": 289.79, "lr": 3.971961970395414e-06, "loss": 0.03987529436747233, "img_per_s": 1475.7057728551365, "mem_gb": [6.99, 6.99]}
PROGRESS {"progress": 0.9671178385416667, "step": 25020, "elapsed_min": 290.14, "lr": 3.7725005060745785e-06, "loss": 0.039868578835139196, "img_per_s": 1475.290834185781, "mem_gb": [6.99, 6.99]}
PROGRESS {"progress": 0.9682824435763889, "step": 25050, "elapsed_min": 290.48, "lr": 3.5797543127063436e-06, "loss": 0.039865606481378726, "img_per_s": 1474.837548822661, "mem_gb": [6.99, 6.99]}
PROGRESS {"progress": 0.9694410807291667, "step": 25080, "elapsed_min": 290.83, "lr": 3.394868810316619e-06, "loss": 0.03985638549362404, "img_per_s": 1474.7667717081038, "mem_gb": [6.99, 6.99]}
PROGRESS {"progress": 0.97057421875, "step": 25110, "elapsed_min": 291.17, "lr": 3.2206853811405733e-06, "loss": 0.039864648713005914, "img_per_s": 1476.0409311500705, "mem_gb": [6.99, 6.99]}
PROGRESS {"progress": 0.9717329644097222, "step": 25140, "elapsed_min": 291.52, "lr": 3.0493513761820814e-06, "loss": 0.0398617426554362, "img_per_s": 1475.909420947797, "mem_gb": [6.99, 6.99]}
PROGRESS {"progress": 0.9728930121527778, "step": 25170, "elapsed_min": 291.87, "lr": 2.8847003555527214e-06, "loss": 0.03984876779409555, "img_per_s": 1475.7302387082605, "mem_gb": [6.99, 6.99]}
PROGRESS {"progress": 0.974056640625, "step": 25200, "elapsed_min": 292.22, "lr": 2.726454652195204e-06, "loss": 0.03984416914574894, "img_per_s": 1475.3903410610963, "mem_gb": [6.99, 6.99]}
PROGRESS {"progress": 0.9751930338541667, "step": 25230, "elapsed_min": 292.56, "lr": 2.5785978681815595e-06, "loss": 0.03985161554245722, "img_per_s": 1476.3224427425814, "mem_gb": [6.99, 6.99]}
ROUND {"round": 28, "elapsed_min": 292.91, "step": 25260, "epoch": 664, "train_loss": 0.03990150100883396, "train_psnr_rgb": 32.06205100574713, "lr": 2.4342027625302075e-06, "img_per_s": 1476.0434590368702, "mem_gb": [6.99, 6.99], "util_pct": [78.0, 100.0], "val_psnr_y": 33.494529724121094, "val_ssim_y": 0.8847107291221619, "val_bicubic_psnr_y": 31.562559127807617, "best_val_psnr_y": 33.494529724121094}
/usr/local/lib/python3.13/dist-packages/torch/distributed/c10d_logger.py:83: UserWarning: barrier(): using the device under current context. You can specify `device_id` in `init_process_group` to mute this warning.
  return func(*args, **kwargs)
PROGRESS {"progress": 0.9763553602430556, "step": 25260, "elapsed_min": 292.91, "lr": 2.4342027625302075e-06, "loss": 0.0, "img_per_s": 0.0, "mem_gb": [6.99, 6.99]}
PROGRESS {"progress": 0.9776514756944444, "step": 25290, "elapsed_min": 293.3, "lr": 2.2813418994628215e-06, "loss": 0.04022152423858642, "img_per_s": 1466.5237025269516, "mem_gb": [6.99, 6.99]}
PROGRESS {"progress": 0.9788095703125, "step": 25320, "elapsed_min": 293.64, "lr": 2.152034819516762e-06, "loss": 0.03984241882960002, "img_per_s": 1470.0985818991367, "mem_gb": [6.99, 6.99]}
PROGRESS {"progress": 0.9799730902777778, "step": 25350, "elapsed_min": 293.99, "lr": 2.029038910912215e-06, "loss": 0.03988695939381917, "img_per_s": 1468.9734135942992, "mem_gb": [6.99, 6.99]}
PROGRESS {"progress": 0.9811082899305555, "step": 25380, "elapsed_min": 294.33, "lr": 1.915720408156084e-06, "loss": 0.03997953335444133, "img_per_s": 1477.469505007913, "mem_gb": [6.99, 6.99]}
PROGRESS {"progress": 0.9822684461805555, "step": 25410, "elapsed_min": 294.68, "lr": 1.8067328505425699e-06, "loss": 0.040018434524536135, "img_per_s": 1476.1690932367596, "mem_gb": [6.99, 6.99]}
PROGRESS {"progress": 0.9834328342013889, "step": 25440, "elapsed_min": 295.03, "lr": 1.7042833868672787e-06, "loss": 0.03995738824208577, "img_per_s": 1474.4209827948714, "mem_gb": [6.99, 6.99]}
PROGRESS {"progress": 0.9846017795138889, "step": 25470, "elapsed_min": 295.38, "lr": 1.608423489615649e-06, "loss": 0.03987848645164853, "img_per_s": 1472.336298059591, "mem_gb": [6.99, 6.99]}
PROGRESS {"progress": 0.9857670355902778, "step": 25500, "elapsed_min": 295.73, "lr": 1.519838539234656e-06, "loss": 0.039918720722198486, "img_per_s": 1471.3766278002265, "mem_gb": [6.99, 6.99]}
PROGRESS {"progress": 0.9869009331597223, "step": 25530, "elapsed_min": 296.07, "lr": 1.4403215997931338e-06, "loss": 0.039925267961290145, "img_per_s": 1475.052119184905, "mem_gb": [6.99, 6.99]}
PROGRESS {"progress": 0.9880596788194445, "step": 25560, "elapsed_min": 296.42, "lr": 1.3658744502857057e-06, "loss": 0.03993423461914063, "img_per_s": 1474.8293004861582, "mem_gb": [6.99, 6.99]}
PROGRESS {"progress": 0.98922265625, "step": 25590, "elapsed_min": 296.77, "lr": 1.298080359794634e-06, "loss": 0.03990660002737334, "img_per_s": 1474.1580300059734, "mem_gb": [6.99, 6.99]}
PROGRESS {"progress": 0.9903868272569445, "step": 25620, "elapsed_min": 297.12, "lr": 1.2371658821238674e-06, "loss": 0.039930049578348795, "img_per_s": 1473.47623384669, "mem_gb": [6.99, 6.99]}
PROGRESS {"progress": 0.9915513237847222, "step": 25650, "elapsed_min": 297.47, "lr": 1.183190891548071e-06, "loss": 0.03991297208345854, "img_per_s": 1472.8660863571426, "mem_gb": [6.99, 6.99]}
PROGRESS {"progress": 0.9926833767361111, "step": 25680, "elapsed_min": 297.81, "lr": 1.1373898242464566e-06, "loss": 0.039897273835681736, "img_per_s": 1475.297627508459, "mem_gb": [6.99, 6.99]}
PROGRESS {"progress": 0.9938447265625, "step": 25710, "elapsed_min": 298.15, "lr": 1.0972374812407807e-06, "loss": 0.03989209493001302, "img_per_s": 1474.9075809119054, "mem_gb": [6.99, 6.99]}
PROGRESS {"progress": 0.9950042317708333, "step": 25740, "elapsed_min": 298.5, "lr": 1.0640543121858722e-06, "loss": 0.03987991015116374, "img_per_s": 1474.7202237359324, "mem_gb": [6.99, 6.99]}
PROGRESS {"progress": 0.9961701388888888, "step": 25770, "elapsed_min": 298.85, "lr": 1.0376455533313745e-06, "loss": 0.039899769951315486, "img_per_s": 1474.07282556778, "mem_gb": [6.99, 6.99]}
PROGRESS {"progress": 0.9973019748263889, "step": 25800, "elapsed_min": 299.19, "lr": 1.0186828178032722e-06, "loss": 0.03987850259851526, "img_per_s": 1475.9103514115468, "mem_gb": [6.99, 6.99]}
PROGRESS {"progress": 0.9984568142361111, "step": 25830, "elapsed_min": 299.54, "lr": 1.0061120742528914e-06, "loss": 0.03988130803693805, "img_per_s": 1476.0119778745955, "mem_gb": [6.99, 6.99]}
PROGRESS {"progress": 0.9996130642361111, "step": 25860, "elapsed_min": 299.88, "lr": 1.0003842649568932e-06, "loss": 0.03987096786499023, "img_per_s": 1476.0154583124754, "mem_gb": [6.99, 6.99]}
ROUND {"round": 29, "elapsed_min": 300.12, "step": 25880, "epoch": 681, "train_loss": 0.039914334204889115, "train_psnr_rgb": 32.06090599798387, "lr": 1e-06, "img_per_s": 1475.0904630501984, "mem_gb": [6.99, 6.99], "util_pct": [81.0, 99.0], "val_psnr_y": 33.4947509765625, "val_ssim_y": 0.8847126960754395, "val_bicubic_psnr_y": 31.562559127807617, "best_val_psnr_y": 33.4947509765625}
/usr/local/lib/python3.13/dist-packages/torch/distributed/c10d_logger.py:83: UserWarning: barrier(): using the device under current context. You can specify `device_id` in `init_process_group` to mute this warning.
  return func(*args, **kwargs)
DONE {"steps": 25880, "epochs": 682, "train_seconds": 18009.6, "best_val_psnr_y": 33.4947509765625}
